BlockStat;3;   0;   0;128;128;Depth;0
BlockStat;3;   0;   0;128;128;QT_Depth;0
BlockStat;3;   0;   0;128;128;BT_Depth;0
BlockStat;3;   0;   0;128;128;MT_Depth;0
BlockStat;3;   0;   0;128;128;ChromaQPAdj;0
BlockStat;3;   0;   0;128;128;QP;46
BlockStat;3;   0;   0;128;128;SplitSeries;0
BlockStat;3;   0;   0;128;128;SkipFlag;1
BlockStat;3;   0;   0;128;128;MMVDSkipFlag;0
BlockStat;3;   0;   0;128;128;PredMode;0
BlockStat;3;   0;   0;128;128;MergeIdx;0
BlockStat;3;   0;   0;128;128;MergeType;1
BlockStat;3;   0;   0;128;128;MMVDMergeFlag;0
BlockStat;3;   0;   0;128;128;AffineFlag;1
BlockStat;3;   0;   0;128;128;MVPIdxL0;255
BlockStat;3;   0;   0;128;128;RefIdxL0;0
BlockStat;3;   0;   0;128;128;MVPIdxL1;255
BlockStat;3;   0;   0;128;128;RefIdxL1;0
BlockStat;3;   0;   0;128;128;AffineMVL0;   0;   0;  -2;   2;   0;   0
BlockStat;3;   0;   0;128;128;AffineMVL1;   0;   0;   2;  -2;   0;   0
BlockStat;3; 128;   0;128;128;Depth;0
BlockStat;3; 128;   0;128;128;QT_Depth;0
BlockStat;3; 128;   0;128;128;BT_Depth;0
BlockStat;3; 128;   0;128;128;MT_Depth;0
BlockStat;3; 128;   0;128;128;ChromaQPAdj;0
BlockStat;3; 128;   0;128;128;QP;46
BlockStat;3; 128;   0;128;128;SplitSeries;0
BlockStat;3; 128;   0;128;128;SkipFlag;1
BlockStat;3; 128;   0;128;128;MMVDSkipFlag;0
BlockStat;3; 128;   0;128;128;PredMode;0
BlockStat;3; 128;   0;128;128;MergeIdx;0
BlockStat;3; 128;   0;128;128;MergeType;1
BlockStat;3; 128;   0;128;128;MMVDMergeFlag;0
BlockStat;3; 128;   0;128;128;AffineFlag;1
BlockStat;3; 128;   0;128;128;MVPIdxL0;255
BlockStat;3; 128;   0;128;128;RefIdxL0;0
BlockStat;3; 128;   0;128;128;MVPIdxL1;255
BlockStat;3; 128;   0;128;128;RefIdxL1;0
BlockStat;3; 128;   0;128;128;AffineMVL0;   0;   0;   0;   0;   0;   0
BlockStat;3; 128;   0;128;128;AffineMVL1;   0;   0;   0;   0;   0;   0
BlockStat;3; 256;   0;128;128;Depth;0
BlockStat;3; 256;   0;128;128;QT_Depth;0
BlockStat;3; 256;   0;128;128;BT_Depth;0
BlockStat;3; 256;   0;128;128;MT_Depth;0
BlockStat;3; 256;   0;128;128;ChromaQPAdj;0
BlockStat;3; 256;   0;128;128;QP;46
BlockStat;3; 256;   0;128;128;SplitSeries;0
BlockStat;3; 256;   0;128;128;SkipFlag;1
BlockStat;3; 256;   0;128;128;MMVDSkipFlag;0
BlockStat;3; 256;   0;128;128;PredMode;0
BlockStat;3; 256;   0;128;128;MergeIdx;0
BlockStat;3; 256;   0;128;128;MergeType;1
BlockStat;3; 256;   0;128;128;MMVDMergeFlag;0
BlockStat;3; 256;   0;128;128;AffineFlag;1
BlockStat;3; 256;   0;128;128;MVPIdxL0;255
BlockStat;3; 256;   0;128;128;RefIdxL0;0
BlockStat;3; 256;   0;128;128;MVPIdxL1;255
BlockStat;3; 256;   0;128;128;RefIdxL1;0
BlockStat;3; 256;   0;128;128;AffineMVL0;   0;   0;   0;   0;   0;   0
BlockStat;3; 256;   0;128;128;AffineMVL1;   0;   0;   0;   0;   0;   0
BlockStat;3; 384;   0;128;128;Depth;0
BlockStat;3; 384;   0;128;128;QT_Depth;0
BlockStat;3; 384;   0;128;128;BT_Depth;0
BlockStat;3; 384;   0;128;128;MT_Depth;0
BlockStat;3; 384;   0;128;128;ChromaQPAdj;0
BlockStat;3; 384;   0;128;128;QP;46
BlockStat;3; 384;   0;128;128;SplitSeries;0
BlockStat;3; 384;   0;128;128;SkipFlag;1
BlockStat;3; 384;   0;128;128;MMVDSkipFlag;0
BlockStat;3; 384;   0;128;128;PredMode;0
BlockStat;3; 384;   0;128;128;MergeIdx;0
BlockStat;3; 384;   0;128;128;MergeType;1
BlockStat;3; 384;   0;128;128;MMVDMergeFlag;0
BlockStat;3; 384;   0;128;128;AffineFlag;1
BlockStat;3; 384;   0;128;128;MVPIdxL0;255
BlockStat;3; 384;   0;128;128;RefIdxL0;0
BlockStat;3; 384;   0;128;128;MVPIdxL1;255
BlockStat;3; 384;   0;128;128;RefIdxL1;0
BlockStat;3; 384;   0;128;128;AffineMVL0;   0;   0;   0;   0;   0;   0
BlockStat;3; 384;   0;128;128;AffineMVL1;   0;   0;   0;   0;   0;   0
BlockStat;3; 512;   0;128;128;Depth;0
BlockStat;3; 512;   0;128;128;QT_Depth;0
BlockStat;3; 512;   0;128;128;BT_Depth;0
BlockStat;3; 512;   0;128;128;MT_Depth;0
BlockStat;3; 512;   0;128;128;ChromaQPAdj;0
BlockStat;3; 512;   0;128;128;QP;46
BlockStat;3; 512;   0;128;128;SplitSeries;0
BlockStat;3; 512;   0;128;128;SkipFlag;1
BlockStat;3; 512;   0;128;128;MMVDSkipFlag;0
BlockStat;3; 512;   0;128;128;PredMode;0
BlockStat;3; 512;   0;128;128;MergeIdx;0
BlockStat;3; 512;   0;128;128;MergeType;1
BlockStat;3; 512;   0;128;128;MMVDMergeFlag;0
BlockStat;3; 512;   0;128;128;AffineFlag;1
BlockStat;3; 512;   0;128;128;MVPIdxL0;255
BlockStat;3; 512;   0;128;128;RefIdxL0;0
BlockStat;3; 512;   0;128;128;MVPIdxL1;255
BlockStat;3; 512;   0;128;128;RefIdxL1;0
BlockStat;3; 512;   0;128;128;AffineMVL0;   0;   0;   0;   0;   0;   0
BlockStat;3; 512;   0;128;128;AffineMVL1;   0;   0;   0;   0;   0;   0
BlockStat;3; 640;   0;128;128;Depth;0
BlockStat;3; 640;   0;128;128;QT_Depth;0
BlockStat;3; 640;   0;128;128;BT_Depth;0
BlockStat;3; 640;   0;128;128;MT_Depth;0
BlockStat;3; 640;   0;128;128;ChromaQPAdj;0
BlockStat;3; 640;   0;128;128;QP;46
BlockStat;3; 640;   0;128;128;SplitSeries;0
BlockStat;3; 640;   0;128;128;SkipFlag;1
BlockStat;3; 640;   0;128;128;MMVDSkipFlag;0
BlockStat;3; 640;   0;128;128;PredMode;0
BlockStat;3; 640;   0;128;128;MergeIdx;0
BlockStat;3; 640;   0;128;128;MergeType;1
BlockStat;3; 640;   0;128;128;MMVDMergeFlag;0
BlockStat;3; 640;   0;128;128;AffineFlag;1
BlockStat;3; 640;   0;128;128;MVPIdxL0;255
BlockStat;3; 640;   0;128;128;RefIdxL0;0
BlockStat;3; 640;   0;128;128;MVPIdxL1;255
BlockStat;3; 640;   0;128;128;RefIdxL1;0
BlockStat;3; 640;   0;128;128;AffineMVL0;   0;   0;   0;   0;   0;   0
BlockStat;3; 640;   0;128;128;AffineMVL1;   0;   0;   0;   0;   0;   0
BlockStat;3; 768;   0;64;64;Depth;1
BlockStat;3; 768;   0;64;64;QT_Depth;1
BlockStat;3; 768;   0;64;64;BT_Depth;0
BlockStat;3; 768;   0;64;64;MT_Depth;0
BlockStat;3; 768;   0;64;64;ChromaQPAdj;0
BlockStat;3; 768;   0;64;64;QP;46
BlockStat;3; 768;   0;64;64;SplitSeries;1
BlockStat;3; 768;   0;64;64;SkipFlag;1
BlockStat;3; 768;   0;64;64;MMVDSkipFlag;0
BlockStat;3; 768;   0;64;64;PredMode;0
BlockStat;3; 768;   0;64;64;MergeIdx;0
BlockStat;3; 768;   0;64;64;MergeType;1
BlockStat;3; 768;   0;64;64;MMVDMergeFlag;0
BlockStat;3; 768;   0;64;64;AffineFlag;1
BlockStat;3; 768;   0;64;64;MVPIdxL0;255
BlockStat;3; 768;   0;64;64;RefIdxL0;0
BlockStat;3; 768;   0;64;64;MVPIdxL1;255
BlockStat;3; 768;   0;64;64;RefIdxL1;0
BlockStat;3; 768;   0;64;64;AffineMVL0;   0;   0;   1;   0;   0;  -1
BlockStat;3; 768;   0;64;64;AffineMVL1;   0;   0;  -1;   0;   0;   1
BlockStat;3; 768;  64;64;64;Depth;1
BlockStat;3; 768;  64;64;64;QT_Depth;1
BlockStat;3; 768;  64;64;64;BT_Depth;0
BlockStat;3; 768;  64;64;64;MT_Depth;0
BlockStat;3; 768;  64;64;64;ChromaQPAdj;0
BlockStat;3; 768;  64;64;64;QP;46
BlockStat;3; 768;  64;64;64;SplitSeries;1
BlockStat;3; 768;  64;64;64;SkipFlag;1
BlockStat;3; 768;  64;64;64;MMVDSkipFlag;0
BlockStat;3; 768;  64;64;64;PredMode;0
BlockStat;3; 768;  64;64;64;MergeIdx;0
BlockStat;3; 768;  64;64;64;MergeType;1
BlockStat;3; 768;  64;64;64;MMVDMergeFlag;0
BlockStat;3; 768;  64;64;64;AffineFlag;1
BlockStat;3; 768;  64;64;64;MVPIdxL0;255
BlockStat;3; 768;  64;64;64;RefIdxL0;0
BlockStat;3; 768;  64;64;64;MVPIdxL1;255
BlockStat;3; 768;  64;64;64;RefIdxL1;0
BlockStat;3; 768;  64;64;64;AffineMVL0;   0;   0;   0;   0;   0;   0
BlockStat;3; 768;  64;64;64;AffineMVL1;   0;   0;   0;   0;   0;   0
BlockStat;3;   0; 128;128;128;Depth;0
BlockStat;3;   0; 128;128;128;QT_Depth;0
BlockStat;3;   0; 128;128;128;BT_Depth;0
BlockStat;3;   0; 128;128;128;MT_Depth;0
BlockStat;3;   0; 128;128;128;ChromaQPAdj;0
BlockStat;3;   0; 128;128;128;QP;46
BlockStat;3;   0; 128;128;128;SplitSeries;0
BlockStat;3;   0; 128;128;128;SkipFlag;1
BlockStat;3;   0; 128;128;128;MMVDSkipFlag;0
BlockStat;3;   0; 128;128;128;PredMode;0
BlockStat;3;   0; 128;128;128;MergeIdx;0
BlockStat;3;   0; 128;128;128;MergeType;0
BlockStat;3;   0; 128;128;128;MMVDMergeFlag;0
BlockStat;3;   0; 128;128;128;AffineFlag;0
BlockStat;3;   0; 128;128;128;MVPIdxL0;255
BlockStat;3;   0; 128;128;128;RefIdxL0;0
BlockStat;3;   0; 128;128;128;MVPIdxL1;255
BlockStat;3;   0; 128;128;128;RefIdxL1;0
BlockStat;3;   0; 128;128;128;MVDL0;   0;   0
BlockStat;3;   0; 128;128;128;MVL0;   0;   0
BlockStat;3;   0; 128;128;128;MVDL1;   0;   0
BlockStat;3;   0; 128;128;128;MVL1;   0;   0
BlockStat;3; 128; 128;128;128;Depth;0
BlockStat;3; 128; 128;128;128;QT_Depth;0
BlockStat;3; 128; 128;128;128;BT_Depth;0
BlockStat;3; 128; 128;128;128;MT_Depth;0
BlockStat;3; 128; 128;128;128;ChromaQPAdj;0
BlockStat;3; 128; 128;128;128;QP;46
BlockStat;3; 128; 128;128;128;SplitSeries;0
BlockStat;3; 128; 128;128;128;SkipFlag;1
BlockStat;3; 128; 128;128;128;MMVDSkipFlag;0
BlockStat;3; 128; 128;128;128;PredMode;0
BlockStat;3; 128; 128;128;128;MergeIdx;2
BlockStat;3; 128; 128;128;128;MergeType;0
BlockStat;3; 128; 128;128;128;MMVDMergeFlag;0
BlockStat;3; 128; 128;128;128;AffineFlag;0
BlockStat;3; 128; 128;128;128;MVPIdxL0;255
BlockStat;3; 128; 128;128;128;RefIdxL0;0
BlockStat;3; 128; 128;128;128;MVPIdxL1;255
BlockStat;3; 128; 128;128;128;RefIdxL1;0
BlockStat;3; 128; 128;128;128;MVDL0;   0;   0
BlockStat;3; 128; 128;128;128;MVL0;  -5;   0
BlockStat;3; 128; 128;128;128;MVDL1;   0;   0
BlockStat;3; 128; 128;128;128;MVL1;   5;   0
BlockStat;3; 256; 128;64;64;Depth;1
BlockStat;3; 256; 128;64;64;QT_Depth;1
BlockStat;3; 256; 128;64;64;BT_Depth;0
BlockStat;3; 256; 128;64;64;MT_Depth;0
BlockStat;3; 256; 128;64;64;ChromaQPAdj;0
BlockStat;3; 256; 128;64;64;QP;46
BlockStat;3; 256; 128;64;64;SplitSeries;1
BlockStat;3; 256; 128;64;64;SkipFlag;1
BlockStat;3; 256; 128;64;64;MMVDSkipFlag;0
BlockStat;3; 256; 128;64;64;PredMode;0
BlockStat;3; 256; 128;64;64;MergeIdx;0
BlockStat;3; 256; 128;64;64;MergeType;1
BlockStat;3; 256; 128;64;64;MMVDMergeFlag;0
BlockStat;3; 256; 128;64;64;AffineFlag;1
BlockStat;3; 256; 128;64;64;MVPIdxL0;255
BlockStat;3; 256; 128;64;64;RefIdxL0;0
BlockStat;3; 256; 128;64;64;AffineMVL0;   0;   0;   0;   0;   0;   0
BlockStat;3; 320; 128; 8;64;Depth;3
BlockStat;3; 320; 128; 8;64;QT_Depth;1
BlockStat;3; 320; 128; 8;64;BT_Depth;3
BlockStat;3; 320; 128; 8;64;MT_Depth;2
BlockStat;3; 320; 128; 8;64;ChromaQPAdj;0
BlockStat;3; 320; 128; 8;64;QP;46
BlockStat;3; 320; 128; 8;64;SplitSeries;3233
BlockStat;3; 320; 128; 8;64;SkipFlag;1
BlockStat;3; 320; 128; 8;64;MMVDSkipFlag;0
BlockStat;3; 320; 128; 8;64;PredMode;0
BlockStat;3; 320; 128; 8;64;MergeIdx;0
BlockStat;3; 320; 128; 8;64;MergeType;0
BlockStat;3; 320; 128; 8;64;MMVDMergeFlag;0
BlockStat;3; 320; 128; 8;64;AffineFlag;0
BlockStat;3; 320; 128; 8;64;MVPIdxL1;255
BlockStat;3; 320; 128; 8;64;RefIdxL1;0
BlockStat;3; 320; 128; 8;64;MVDL1;   0;   0
BlockStat;3; 320; 128; 8;64;MVL1;   0;   0
BlockStat;3; 328; 128; 8;64;Depth;3
BlockStat;3; 328; 128; 8;64;QT_Depth;1
BlockStat;3; 328; 128; 8;64;BT_Depth;3
BlockStat;3; 328; 128; 8;64;MT_Depth;2
BlockStat;3; 328; 128; 8;64;ChromaQPAdj;0
BlockStat;3; 328; 128; 8;64;QP;46
BlockStat;3; 328; 128; 8;64;SplitSeries;3233
BlockStat;3; 328; 128; 8;64;SkipFlag;1
BlockStat;3; 328; 128; 8;64;MMVDSkipFlag;0
BlockStat;3; 328; 128; 8;64;PredMode;0
BlockStat;3; 328; 128; 8;64;MergeIdx;0
BlockStat;3; 328; 128; 8;64;MergeType;1
BlockStat;3; 328; 128; 8;64;MMVDMergeFlag;0
BlockStat;3; 328; 128; 8;64;AffineFlag;1
BlockStat;3; 328; 128; 8;64;MVPIdxL1;255
BlockStat;3; 328; 128; 8;64;RefIdxL1;0
BlockStat;3; 328; 128; 8;64;AffineMVL1;   0;   0;   0;   0;   0;   0
BlockStat;3; 336; 128; 8;64;Depth;3
BlockStat;3; 336; 128; 8;64;QT_Depth;1
BlockStat;3; 336; 128; 8;64;BT_Depth;3
BlockStat;3; 336; 128; 8;64;MT_Depth;2
BlockStat;3; 336; 128; 8;64;ChromaQPAdj;0
BlockStat;3; 336; 128; 8;64;QP;46
BlockStat;3; 336; 128; 8;64;SplitSeries;5281
BlockStat;3; 336; 128; 8;64;SkipFlag;1
BlockStat;3; 336; 128; 8;64;MMVDSkipFlag;0
BlockStat;3; 336; 128; 8;64;PredMode;0
BlockStat;3; 336; 128; 8;64;MergeIdx;1
BlockStat;3; 336; 128; 8;64;MergeType;0
BlockStat;3; 336; 128; 8;64;MMVDMergeFlag;0
BlockStat;3; 336; 128; 8;64;AffineFlag;0
BlockStat;3; 336; 128; 8;64;MVPIdxL0;255
BlockStat;3; 336; 128; 8;64;RefIdxL0;0
BlockStat;3; 336; 128; 8;64;MVPIdxL1;255
BlockStat;3; 336; 128; 8;64;RefIdxL1;0
BlockStat;3; 336; 128; 8;64;MVDL0;   0;   0
BlockStat;3; 336; 128; 8;64;MVL0;   0;   0
BlockStat;3; 336; 128; 8;64;MVDL1;   0;   0
BlockStat;3; 336; 128; 8;64;MVL1;   0;   0
BlockStat;3; 344; 128;16;64;Depth;3
BlockStat;3; 344; 128;16;64;QT_Depth;1
BlockStat;3; 344; 128;16;64;BT_Depth;2
BlockStat;3; 344; 128;16;64;MT_Depth;2
BlockStat;3; 344; 128;16;64;ChromaQPAdj;0
BlockStat;3; 344; 128;16;64;QP;46
BlockStat;3; 344; 128;16;64;SplitSeries;5281
BlockStat;3; 344; 128;16;64;SkipFlag;1
BlockStat;3; 344; 128;16;64;MMVDSkipFlag;0
BlockStat;3; 344; 128;16;64;PredMode;0
BlockStat;3; 344; 128;16;64;MergeIdx;0
BlockStat;3; 344; 128;16;64;MergeType;1
BlockStat;3; 344; 128;16;64;MMVDMergeFlag;0
BlockStat;3; 344; 128;16;64;AffineFlag;1
BlockStat;3; 344; 128;16;64;MVPIdxL0;255
BlockStat;3; 344; 128;16;64;RefIdxL0;0
BlockStat;3; 344; 128;16;64;MVPIdxL1;255
BlockStat;3; 344; 128;16;64;RefIdxL1;0
BlockStat;3; 344; 128;16;64;AffineMVL0;   0;   0;   0;   0; -18;  -1
BlockStat;3; 344; 128;16;64;AffineMVL1;   0;   0;   0;   0;   0;   0
BlockStat;3; 360; 128; 8;64;Depth;3
BlockStat;3; 360; 128; 8;64;QT_Depth;1
BlockStat;3; 360; 128; 8;64;BT_Depth;3
BlockStat;3; 360; 128; 8;64;MT_Depth;2
BlockStat;3; 360; 128; 8;64;ChromaQPAdj;0
BlockStat;3; 360; 128; 8;64;QP;46
BlockStat;3; 360; 128; 8;64;SplitSeries;5281
BlockStat;3; 360; 128; 8;64;SkipFlag;1
BlockStat;3; 360; 128; 8;64;MMVDSkipFlag;0
BlockStat;3; 360; 128; 8;64;PredMode;0
BlockStat;3; 360; 128; 8;64;MergeIdx;1
BlockStat;3; 360; 128; 8;64;MergeType;0
BlockStat;3; 360; 128; 8;64;MMVDMergeFlag;0
BlockStat;3; 360; 128; 8;64;AffineFlag;0
BlockStat;3; 360; 128; 8;64;MVPIdxL0;255
BlockStat;3; 360; 128; 8;64;RefIdxL0;0
BlockStat;3; 360; 128; 8;64;MVPIdxL1;255
BlockStat;3; 360; 128; 8;64;RefIdxL1;0
BlockStat;3; 360; 128; 8;64;MVDL0;   0;   0
BlockStat;3; 360; 128; 8;64;MVL0;   0;   0
BlockStat;3; 360; 128; 8;64;MVDL1;   0;   0
BlockStat;3; 360; 128; 8;64;MVL1;   0;   0
BlockStat;3; 368; 128;16;64;Depth;2
BlockStat;3; 368; 128;16;64;QT_Depth;1
BlockStat;3; 368; 128;16;64;BT_Depth;2
BlockStat;3; 368; 128;16;64;MT_Depth;1
BlockStat;3; 368; 128;16;64;ChromaQPAdj;0
BlockStat;3; 368; 128;16;64;QP;46
BlockStat;3; 368; 128;16;64;SplitSeries;161
BlockStat;3; 368; 128;16;64;SkipFlag;1
BlockStat;3; 368; 128;16;64;MMVDSkipFlag;0
BlockStat;3; 368; 128;16;64;PredMode;0
BlockStat;3; 368; 128;16;64;MergeIdx;0
BlockStat;3; 368; 128;16;64;MergeType;0
BlockStat;3; 368; 128;16;64;MMVDMergeFlag;0
BlockStat;3; 368; 128;16;64;AffineFlag;0
BlockStat;3; 368; 128;16;64;MVPIdxL0;255
BlockStat;3; 368; 128;16;64;RefIdxL0;0
BlockStat;3; 368; 128;16;64;MVPIdxL1;255
BlockStat;3; 368; 128;16;64;RefIdxL1;0
BlockStat;3; 368; 128;16;64;MVDL0;   0;   0
BlockStat;3; 368; 128;16;64;MVL0;   0;   0
BlockStat;3; 368; 128;16;64;MVDL1;   0;   0
BlockStat;3; 368; 128;16;64;MVL1;   0;   0
BlockStat;3; 256; 192;64;64;Depth;1
BlockStat;3; 256; 192;64;64;QT_Depth;1
BlockStat;3; 256; 192;64;64;BT_Depth;0
BlockStat;3; 256; 192;64;64;MT_Depth;0
BlockStat;3; 256; 192;64;64;ChromaQPAdj;0
BlockStat;3; 256; 192;64;64;QP;46
BlockStat;3; 256; 192;64;64;SplitSeries;1
BlockStat;3; 256; 192;64;64;SkipFlag;1
BlockStat;3; 256; 192;64;64;MMVDSkipFlag;0
BlockStat;3; 256; 192;64;64;PredMode;0
BlockStat;3; 256; 192;64;64;MergeIdx;0
BlockStat;3; 256; 192;64;64;MergeType;1
BlockStat;3; 256; 192;64;64;MMVDMergeFlag;0
BlockStat;3; 256; 192;64;64;AffineFlag;1
BlockStat;3; 256; 192;64;64;MVPIdxL0;255
BlockStat;3; 256; 192;64;64;RefIdxL0;0
BlockStat;3; 256; 192;64;64;MVPIdxL1;255
BlockStat;3; 256; 192;64;64;RefIdxL1;0
BlockStat;3; 256; 192;64;64;AffineMVL0;   0;   0;   0;   0;   0;   0
BlockStat;3; 256; 192;64;64;AffineMVL1;   0;   0;   0;   0;   0;   0
BlockStat;3; 320; 192;32;16;Depth;3
BlockStat;3; 320; 192;32;16;QT_Depth;2
BlockStat;3; 320; 192;32;16;BT_Depth;1
BlockStat;3; 320; 192;32;16;MT_Depth;1
BlockStat;3; 320; 192;32;16;ChromaQPAdj;0
BlockStat;3; 320; 192;32;16;QP;46
BlockStat;3; 320; 192;32;16;SplitSeries;2081
BlockStat;3; 320; 192;32;16;SkipFlag;1
BlockStat;3; 320; 192;32;16;MMVDSkipFlag;0
BlockStat;3; 320; 192;32;16;PredMode;0
BlockStat;3; 320; 192;32;16;MergeIdx;2
BlockStat;3; 320; 192;32;16;MergeType;0
BlockStat;3; 320; 192;32;16;MMVDMergeFlag;0
BlockStat;3; 320; 192;32;16;AffineFlag;0
BlockStat;3; 320; 192;32;16;MVPIdxL1;255
BlockStat;3; 320; 192;32;16;RefIdxL1;0
BlockStat;3; 320; 192;32;16;MVDL1;   0;   0
BlockStat;3; 320; 192;32;16;MVL1;  17;   0
BlockStat;3; 320; 208;16;16;Depth;4
BlockStat;3; 320; 208;16;16;QT_Depth;2
BlockStat;3; 320; 208;16;16;BT_Depth;2
BlockStat;3; 320; 208;16;16;MT_Depth;2
BlockStat;3; 320; 208;16;16;ChromaQPAdj;0
BlockStat;3; 320; 208;16;16;QP;46
BlockStat;3; 320; 208;16;16;SplitSeries;100385
BlockStat;3; 320; 208;16;16;SkipFlag;1
BlockStat;3; 320; 208;16;16;MMVDSkipFlag;0
BlockStat;3; 320; 208;16;16;PredMode;0
BlockStat;3; 320; 208;16;16;MergeIdx;0
BlockStat;3; 320; 208;16;16;MergeType;0
BlockStat;3; 320; 208;16;16;MMVDMergeFlag;0
BlockStat;3; 320; 208;16;16;AffineFlag;0
BlockStat;3; 320; 208;16;16;MVPIdxL1;255
BlockStat;3; 320; 208;16;16;RefIdxL1;0
BlockStat: POC 3 @( 320, 208) [16x16] TrianglePartitioning={   0,   0,  16,  16}
BlockStat: POC 3 @[(320, 208)--(336, 208)--(336, 224)--] TriangleMVL1={  17,   0}
BlockStat: POC 3 @[(320, 208)--(320, 224)--(336, 224)--] TriangleMVL1={   0,   0}
BlockStat;3; 336; 208;16;16;Depth;4
BlockStat;3; 336; 208;16;16;QT_Depth;2
BlockStat;3; 336; 208;16;16;BT_Depth;2
BlockStat;3; 336; 208;16;16;MT_Depth;2
BlockStat;3; 336; 208;16;16;ChromaQPAdj;0
BlockStat;3; 336; 208;16;16;QP;46
BlockStat;3; 336; 208;16;16;SplitSeries;100385
BlockStat;3; 336; 208;16;16;SkipFlag;1
BlockStat;3; 336; 208;16;16;MMVDSkipFlag;0
BlockStat;3; 336; 208;16;16;PredMode;0
BlockStat;3; 336; 208;16;16;MergeIdx;0
BlockStat;3; 336; 208;16;16;MergeType;1
BlockStat;3; 336; 208;16;16;MMVDMergeFlag;0
BlockStat;3; 336; 208;16;16;AffineFlag;1
BlockStat;3; 336; 208;16;16;MVPIdxL1;255
BlockStat;3; 336; 208;16;16;RefIdxL1;0
BlockStat;3; 336; 208;16;16;AffineMVL1;   0;   0;  17;   0;   0;   0
BlockStat;3; 352; 192; 8;32;Depth;3
BlockStat;3; 352; 192; 8;32;QT_Depth;2
BlockStat;3; 352; 192; 8;32;BT_Depth;2
BlockStat;3; 352; 192; 8;32;MT_Depth;1
BlockStat;3; 352; 192; 8;32;ChromaQPAdj;0
BlockStat;3; 352; 192; 8;32;QP;46
BlockStat;3; 352; 192; 8;32;SplitSeries;5153
BlockStat;3; 352; 192; 8;32;SkipFlag;1
BlockStat;3; 352; 192; 8;32;MMVDSkipFlag;0
BlockStat;3; 352; 192; 8;32;PredMode;0
BlockStat;3; 352; 192; 8;32;MergeIdx;0
BlockStat;3; 352; 192; 8;32;MergeType;1
BlockStat;3; 352; 192; 8;32;MMVDMergeFlag;0
BlockStat;3; 352; 192; 8;32;AffineFlag;1
BlockStat;3; 352; 192; 8;32;MVPIdxL0;255
BlockStat;3; 352; 192; 8;32;RefIdxL0;0
BlockStat;3; 352; 192; 8;32;AffineMVL0; -17;   0; -17;   0; -19;   1
BlockStat;3; 360; 192;16;32;Depth;3
BlockStat;3; 360; 192;16;32;QT_Depth;2
BlockStat;3; 360; 192;16;32;BT_Depth;1
BlockStat;3; 360; 192;16;32;MT_Depth;1
BlockStat;3; 360; 192;16;32;ChromaQPAdj;0
BlockStat;3; 360; 192;16;32;QP;46
BlockStat;3; 360; 192;16;32;SplitSeries;5153
BlockStat;3; 360; 192;16;32;SkipFlag;1
BlockStat;3; 360; 192;16;32;MMVDSkipFlag;0
BlockStat;3; 360; 192;16;32;PredMode;0
BlockStat;3; 360; 192;16;32;MergeIdx;0
BlockStat;3; 360; 192;16;32;MergeType;1
BlockStat;3; 360; 192;16;32;MMVDMergeFlag;0
BlockStat;3; 360; 192;16;32;AffineFlag;1
BlockStat;3; 360; 192;16;32;MVPIdxL0;255
BlockStat;3; 360; 192;16;32;RefIdxL0;0
BlockStat;3; 360; 192;16;32;AffineMVL0; -17;   0; -18;   3; -19;   1
BlockStat;3; 376; 192; 8;32;Depth;3
BlockStat;3; 376; 192; 8;32;QT_Depth;2
BlockStat;3; 376; 192; 8;32;BT_Depth;2
BlockStat;3; 376; 192; 8;32;MT_Depth;1
BlockStat;3; 376; 192; 8;32;ChromaQPAdj;0
BlockStat;3; 376; 192; 8;32;QP;46
BlockStat;3; 376; 192; 8;32;SplitSeries;5153
BlockStat;3; 376; 192; 8;32;SkipFlag;1
BlockStat;3; 376; 192; 8;32;MMVDSkipFlag;0
BlockStat;3; 376; 192; 8;32;PredMode;0
BlockStat;3; 376; 192; 8;32;MergeIdx;2
BlockStat;3; 376; 192; 8;32;MergeType;0
BlockStat;3; 376; 192; 8;32;MMVDMergeFlag;0
BlockStat;3; 376; 192; 8;32;AffineFlag;0
BlockStat;3; 376; 192; 8;32;MVPIdxL0;255
BlockStat;3; 376; 192; 8;32;RefIdxL0;0
BlockStat: POC 3 @( 376, 192) [ 8x32] TrianglePartitioning={   0,  32,   8,   0}
BlockStat: POC 3 @[(376, 192)--(384, 192)--(376, 224)--] TriangleMVL0={ -17,   0}
BlockStat: POC 3 @[(384, 192)--(376, 224)--(384, 224)--] TriangleMVL0={   0,   0}
BlockStat;3; 320; 224;32;32;Depth;2
BlockStat;3; 320; 224;32;32;QT_Depth;2
BlockStat;3; 320; 224;32;32;BT_Depth;0
BlockStat;3; 320; 224;32;32;MT_Depth;0
BlockStat;3; 320; 224;32;32;ChromaQPAdj;0
BlockStat;3; 320; 224;32;32;QP;46
BlockStat;3; 320; 224;32;32;SplitSeries;33
BlockStat;3; 320; 224;32;32;SkipFlag;1
BlockStat;3; 320; 224;32;32;MMVDSkipFlag;0
BlockStat;3; 320; 224;32;32;PredMode;0
BlockStat;3; 320; 224;32;32;MergeIdx;0
BlockStat;3; 320; 224;32;32;MergeType;0
BlockStat;3; 320; 224;32;32;MMVDMergeFlag;0
BlockStat;3; 320; 224;32;32;AffineFlag;0
BlockStat;3; 320; 224;32;32;MVPIdxL0;255
BlockStat;3; 320; 224;32;32;RefIdxL0;0
BlockStat;3; 320; 224;32;32;MVDL0;   0;   0
BlockStat;3; 320; 224;32;32;MVL0; -21;   2
BlockStat;3; 352; 224; 8;32;Depth;3
BlockStat;3; 352; 224; 8;32;QT_Depth;2
BlockStat;3; 352; 224; 8;32;BT_Depth;2
BlockStat;3; 352; 224; 8;32;MT_Depth;1
BlockStat;3; 352; 224; 8;32;ChromaQPAdj;0
BlockStat;3; 352; 224; 8;32;QP;46
BlockStat;3; 352; 224; 8;32;SplitSeries;5153
BlockStat;3; 352; 224; 8;32;SkipFlag;1
BlockStat;3; 352; 224; 8;32;MMVDSkipFlag;0
BlockStat;3; 352; 224; 8;32;PredMode;0
BlockStat;3; 352; 224; 8;32;MergeIdx;0
BlockStat;3; 352; 224; 8;32;MergeType;0
BlockStat;3; 352; 224; 8;32;MMVDMergeFlag;0
BlockStat;3; 352; 224; 8;32;AffineFlag;0
BlockStat;3; 352; 224; 8;32;MVPIdxL0;255
BlockStat;3; 352; 224; 8;32;RefIdxL0;0
BlockStat;3; 352; 224; 8;32;MVDL0;   0;   0
BlockStat;3; 352; 224; 8;32;MVL0; -21;   2
BlockStat;3; 360; 224;16;32;Depth;3
BlockStat;3; 360; 224;16;32;QT_Depth;2
BlockStat;3; 360; 224;16;32;BT_Depth;1
BlockStat;3; 360; 224;16;32;MT_Depth;1
BlockStat;3; 360; 224;16;32;ChromaQPAdj;0
BlockStat;3; 360; 224;16;32;QP;46
BlockStat;3; 360; 224;16;32;SplitSeries;5153
BlockStat;3; 360; 224;16;32;SkipFlag;1
BlockStat;3; 360; 224;16;32;MMVDSkipFlag;0
BlockStat;3; 360; 224;16;32;PredMode;0
BlockStat;3; 360; 224;16;32;MergeIdx;2
BlockStat;3; 360; 224;16;32;MergeType;0
BlockStat;3; 360; 224;16;32;MMVDMergeFlag;0
BlockStat;3; 360; 224;16;32;AffineFlag;0
BlockStat;3; 360; 224;16;32;MVPIdxL0;255
BlockStat;3; 360; 224;16;32;RefIdxL0;0
BlockStat;3; 360; 224;16;32;MVDL0;   0;   0
BlockStat;3; 360; 224;16;32;MVL0;   0;   0
BlockStat;3; 376; 224; 8;32;Depth;3
BlockStat;3; 376; 224; 8;32;QT_Depth;2
BlockStat;3; 376; 224; 8;32;BT_Depth;2
BlockStat;3; 376; 224; 8;32;MT_Depth;1
BlockStat;3; 376; 224; 8;32;ChromaQPAdj;0
BlockStat;3; 376; 224; 8;32;QP;46
BlockStat;3; 376; 224; 8;32;SplitSeries;5153
BlockStat;3; 376; 224; 8;32;SkipFlag;1
BlockStat;3; 376; 224; 8;32;MMVDSkipFlag;0
BlockStat;3; 376; 224; 8;32;PredMode;0
BlockStat;3; 376; 224; 8;32;MergeIdx;0
BlockStat;3; 376; 224; 8;32;MergeType;1
BlockStat;3; 376; 224; 8;32;MMVDMergeFlag;0
BlockStat;3; 376; 224; 8;32;AffineFlag;1
BlockStat;3; 376; 224; 8;32;MVPIdxL0;255
BlockStat;3; 376; 224; 8;32;RefIdxL0;0
BlockStat;3; 376; 224; 8;32;AffineMVL0;   0;   0;   0;   0;   0;   0
BlockStat;3; 384; 128;128;128;Depth;0
BlockStat;3; 384; 128;128;128;QT_Depth;0
BlockStat;3; 384; 128;128;128;BT_Depth;0
BlockStat;3; 384; 128;128;128;MT_Depth;0
BlockStat;3; 384; 128;128;128;ChromaQPAdj;0
BlockStat;3; 384; 128;128;128;QP;46
BlockStat;3; 384; 128;128;128;SplitSeries;0
BlockStat;3; 384; 128;128;128;SkipFlag;1
BlockStat;3; 384; 128;128;128;MMVDSkipFlag;0
BlockStat;3; 384; 128;128;128;PredMode;0
BlockStat;3; 384; 128;128;128;MergeIdx;0
BlockStat;3; 384; 128;128;128;MergeType;1
BlockStat;3; 384; 128;128;128;MMVDMergeFlag;0
BlockStat;3; 384; 128;128;128;AffineFlag;1
BlockStat;3; 384; 128;128;128;MVPIdxL0;255
BlockStat;3; 384; 128;128;128;RefIdxL0;0
BlockStat;3; 384; 128;128;128;MVPIdxL1;255
BlockStat;3; 384; 128;128;128;RefIdxL1;0
BlockStat;3; 384; 128;128;128;AffineMVL0;   0;   0;   0;   0;   0;   0
BlockStat;3; 384; 128;128;128;AffineMVL1;   0;   0;   0;   0;   0;   0
BlockStat;3; 512; 128;128;128;Depth;0
BlockStat;3; 512; 128;128;128;QT_Depth;0
BlockStat;3; 512; 128;128;128;BT_Depth;0
BlockStat;3; 512; 128;128;128;MT_Depth;0
BlockStat;3; 512; 128;128;128;ChromaQPAdj;0
BlockStat;3; 512; 128;128;128;QP;46
BlockStat;3; 512; 128;128;128;SplitSeries;0
BlockStat;3; 512; 128;128;128;SkipFlag;1
BlockStat;3; 512; 128;128;128;MMVDSkipFlag;0
BlockStat;3; 512; 128;128;128;PredMode;0
BlockStat;3; 512; 128;128;128;MergeIdx;0
BlockStat;3; 512; 128;128;128;MergeType;0
BlockStat;3; 512; 128;128;128;MMVDMergeFlag;0
BlockStat;3; 512; 128;128;128;AffineFlag;0
BlockStat;3; 512; 128;128;128;MVPIdxL0;255
BlockStat;3; 512; 128;128;128;RefIdxL0;0
BlockStat;3; 512; 128;128;128;MVPIdxL1;255
BlockStat;3; 512; 128;128;128;RefIdxL1;0
BlockStat;3; 512; 128;128;128;MVDL0;   0;   0
BlockStat;3; 512; 128;128;128;MVL0;   0;   0
BlockStat;3; 512; 128;128;128;MVDL1;   0;   0
BlockStat;3; 512; 128;128;128;MVL1;   0;   0
BlockStat;3; 640; 128;128;128;Depth;0
BlockStat;3; 640; 128;128;128;QT_Depth;0
BlockStat;3; 640; 128;128;128;BT_Depth;0
BlockStat;3; 640; 128;128;128;MT_Depth;0
BlockStat;3; 640; 128;128;128;ChromaQPAdj;0
BlockStat;3; 640; 128;128;128;QP;46
BlockStat;3; 640; 128;128;128;SplitSeries;0
BlockStat;3; 640; 128;128;128;SkipFlag;1
BlockStat;3; 640; 128;128;128;MMVDSkipFlag;0
BlockStat;3; 640; 128;128;128;PredMode;0
BlockStat;3; 640; 128;128;128;MergeIdx;0
BlockStat;3; 640; 128;128;128;MergeType;1
BlockStat;3; 640; 128;128;128;MMVDMergeFlag;0
BlockStat;3; 640; 128;128;128;AffineFlag;1
BlockStat;3; 640; 128;128;128;MVPIdxL0;255
BlockStat;3; 640; 128;128;128;RefIdxL0;0
BlockStat;3; 640; 128;128;128;MVPIdxL1;255
BlockStat;3; 640; 128;128;128;RefIdxL1;0
BlockStat;3; 640; 128;128;128;AffineMVL0;   0;   0;   0;   0;   0;   0
BlockStat;3; 640; 128;128;128;AffineMVL1;   0;   0;   0;   0;   0;   0
BlockStat;3; 768; 128;64;64;Depth;1
BlockStat;3; 768; 128;64;64;QT_Depth;1
BlockStat;3; 768; 128;64;64;BT_Depth;0
BlockStat;3; 768; 128;64;64;MT_Depth;0
BlockStat;3; 768; 128;64;64;ChromaQPAdj;0
BlockStat;3; 768; 128;64;64;QP;46
BlockStat;3; 768; 128;64;64;SplitSeries;1
BlockStat;3; 768; 128;64;64;SkipFlag;1
BlockStat;3; 768; 128;64;64;MMVDSkipFlag;0
BlockStat;3; 768; 128;64;64;PredMode;0
BlockStat;3; 768; 128;64;64;MergeIdx;0
BlockStat;3; 768; 128;64;64;MergeType;1
BlockStat;3; 768; 128;64;64;MMVDMergeFlag;0
BlockStat;3; 768; 128;64;64;AffineFlag;1
BlockStat;3; 768; 128;64;64;MVPIdxL0;255
BlockStat;3; 768; 128;64;64;RefIdxL0;0
BlockStat;3; 768; 128;64;64;MVPIdxL1;255
BlockStat;3; 768; 128;64;64;RefIdxL1;0
BlockStat;3; 768; 128;64;64;AffineMVL0;   0;   0;   0;   0;   0;   0
BlockStat;3; 768; 128;64;64;AffineMVL1;   0;   0;   0;   0;   0;   0
BlockStat;3; 768; 192;64;64;Depth;1
BlockStat;3; 768; 192;64;64;QT_Depth;1
BlockStat;3; 768; 192;64;64;BT_Depth;0
BlockStat;3; 768; 192;64;64;MT_Depth;0
BlockStat;3; 768; 192;64;64;ChromaQPAdj;0
BlockStat;3; 768; 192;64;64;QP;46
BlockStat;3; 768; 192;64;64;SplitSeries;1
BlockStat;3; 768; 192;64;64;SkipFlag;1
BlockStat;3; 768; 192;64;64;MMVDSkipFlag;0
BlockStat;3; 768; 192;64;64;PredMode;0
BlockStat;3; 768; 192;64;64;MergeIdx;1
BlockStat;3; 768; 192;64;64;MergeType;0
BlockStat;3; 768; 192;64;64;MMVDMergeFlag;0
BlockStat;3; 768; 192;64;64;AffineFlag;0
BlockStat;3; 768; 192;64;64;MVPIdxL1;255
BlockStat;3; 768; 192;64;64;RefIdxL1;0
BlockStat: POC 3 @( 768, 192) [64x64] TrianglePartitioning={   0,   0,  64,  64}
BlockStat: POC 3 @[(768, 192)--(832, 192)--(832, 256)--] TriangleMVL0={   0,   0}
BlockStat: POC 3 @[(768, 192)--(768, 256)--(832, 256)--] TriangleMVL0={   0,   0}
BlockStat;3;   0; 256;64;64;Depth;1
BlockStat;3;   0; 256;64;64;QT_Depth;1
BlockStat;3;   0; 256;64;64;BT_Depth;0
BlockStat;3;   0; 256;64;64;MT_Depth;0
BlockStat;3;   0; 256;64;64;ChromaQPAdj;0
BlockStat;3;   0; 256;64;64;QP;46
BlockStat;3;   0; 256;64;64;SplitSeries;1
BlockStat;3;   0; 256;64;64;SkipFlag;1
BlockStat;3;   0; 256;64;64;MMVDSkipFlag;0
BlockStat;3;   0; 256;64;64;PredMode;0
BlockStat;3;   0; 256;64;64;MergeIdx;0
BlockStat;3;   0; 256;64;64;MergeType;1
BlockStat;3;   0; 256;64;64;MMVDMergeFlag;0
BlockStat;3;   0; 256;64;64;AffineFlag;1
BlockStat;3;   0; 256;64;64;MVPIdxL0;255
BlockStat;3;   0; 256;64;64;RefIdxL0;0
BlockStat;3;   0; 256;64;64;AffineMVL0;  -4;   0;   0;   0;   0;   0
BlockStat;3;  64; 256;64;64;Depth;1
BlockStat;3;  64; 256;64;64;QT_Depth;1
BlockStat;3;  64; 256;64;64;BT_Depth;0
BlockStat;3;  64; 256;64;64;MT_Depth;0
BlockStat;3;  64; 256;64;64;ChromaQPAdj;0
BlockStat;3;  64; 256;64;64;QP;46
BlockStat;3;  64; 256;64;64;SplitSeries;1
BlockStat;3;  64; 256;64;64;SkipFlag;1
BlockStat;3;  64; 256;64;64;MMVDSkipFlag;0
BlockStat;3;  64; 256;64;64;PredMode;0
BlockStat;3;  64; 256;64;64;MergeIdx;3
BlockStat;3;  64; 256;64;64;MergeType;0
BlockStat;3;  64; 256;64;64;MMVDMergeFlag;0
BlockStat;3;  64; 256;64;64;AffineFlag;0
BlockStat;3;  64; 256;64;64;MVPIdxL0;255
BlockStat;3;  64; 256;64;64;RefIdxL0;0
BlockStat;3;  64; 256;64;64;MVPIdxL1;255
BlockStat;3;  64; 256;64;64;RefIdxL1;0
BlockStat;3;  64; 256;64;64;MVDL0;   0;   0
BlockStat;3;  64; 256;64;64;MVL0;  -9;  -2
BlockStat;3;  64; 256;64;64;MVDL1;   0;   0
BlockStat;3;  64; 256;64;64;MVL1;   9;   2
BlockStat;3;   0; 320;64;16;Depth;2
BlockStat;3;   0; 320;64;16;QT_Depth;1
BlockStat;3;   0; 320;64;16;BT_Depth;2
BlockStat;3;   0; 320;64;16;MT_Depth;1
BlockStat;3;   0; 320;64;16;ChromaQPAdj;0
BlockStat;3;   0; 320;64;16;QP;46
BlockStat;3;   0; 320;64;16;SplitSeries;129
BlockStat;3;   0; 320;64;16;SkipFlag;1
BlockStat;3;   0; 320;64;16;MMVDSkipFlag;0
BlockStat;3;   0; 320;64;16;PredMode;0
BlockStat;3;   0; 320;64;16;MergeIdx;0
BlockStat;3;   0; 320;64;16;MergeType;0
BlockStat;3;   0; 320;64;16;MMVDMergeFlag;0
BlockStat;3;   0; 320;64;16;AffineFlag;0
BlockStat;3;   0; 320;64;16;MVPIdxL1;255
BlockStat;3;   0; 320;64;16;RefIdxL1;0
BlockStat;3;   0; 320;64;16;MVDL1;   0;   0
BlockStat;3;   0; 320;64;16;MVL1;   0;   0
BlockStat;3;   0; 336;64;32;Depth;2
BlockStat;3;   0; 336;64;32;QT_Depth;1
BlockStat;3;   0; 336;64;32;BT_Depth;1
BlockStat;3;   0; 336;64;32;MT_Depth;1
BlockStat;3;   0; 336;64;32;ChromaQPAdj;0
BlockStat;3;   0; 336;64;32;QP;46
BlockStat;3;   0; 336;64;32;SplitSeries;129
BlockStat;3;   0; 336;64;32;SkipFlag;1
BlockStat;3;   0; 336;64;32;MMVDSkipFlag;0
BlockStat;3;   0; 336;64;32;PredMode;0
BlockStat;3;   0; 336;64;32;MergeIdx;2
BlockStat;3;   0; 336;64;32;MergeType;0
BlockStat;3;   0; 336;64;32;MMVDMergeFlag;0
BlockStat;3;   0; 336;64;32;AffineFlag;0
BlockStat;3;   0; 336;64;32;MVPIdxL0;255
BlockStat;3;   0; 336;64;32;RefIdxL0;0
BlockStat;3;   0; 336;64;32;MVPIdxL1;255
BlockStat;3;   0; 336;64;32;RefIdxL1;0
BlockStat;3;   0; 336;64;32;MVDL0;   0;   0
BlockStat;3;   0; 336;64;32;MVL0;  -9;  -2
BlockStat;3;   0; 336;64;32;MVDL1;   0;   0
BlockStat;3;   0; 336;64;32;MVL1;   9;   2
BlockStat;3;   0; 368;64;16;Depth;2
BlockStat;3;   0; 368;64;16;QT_Depth;1
BlockStat;3;   0; 368;64;16;BT_Depth;2
BlockStat;3;   0; 368;64;16;MT_Depth;1
BlockStat;3;   0; 368;64;16;ChromaQPAdj;0
BlockStat;3;   0; 368;64;16;QP;46
BlockStat;3;   0; 368;64;16;SplitSeries;129
BlockStat;3;   0; 368;64;16;SkipFlag;1
BlockStat;3;   0; 368;64;16;MMVDSkipFlag;0
BlockStat;3;   0; 368;64;16;PredMode;0
BlockStat;3;   0; 368;64;16;MergeIdx;1
BlockStat;3;   0; 368;64;16;MergeType;0
BlockStat;3;   0; 368;64;16;MMVDMergeFlag;0
BlockStat;3;   0; 368;64;16;AffineFlag;0
BlockStat;3;   0; 368;64;16;MVPIdxL0;255
BlockStat;3;   0; 368;64;16;RefIdxL0;0
BlockStat;3;   0; 368;64;16;MVPIdxL1;255
BlockStat;3;   0; 368;64;16;RefIdxL1;0
BlockStat;3;   0; 368;64;16;MVDL0;   0;   0
BlockStat;3;   0; 368;64;16;MVL0;  -6;  -7
BlockStat;3;   0; 368;64;16;MVDL1;   0;   0
BlockStat;3;   0; 368;64;16;MVL1;   6;   7
BlockStat;3;  64; 320;64;64;Depth;1
BlockStat;3;  64; 320;64;64;QT_Depth;1
BlockStat;3;  64; 320;64;64;BT_Depth;0
BlockStat;3;  64; 320;64;64;MT_Depth;0
BlockStat;3;  64; 320;64;64;ChromaQPAdj;0
BlockStat;3;  64; 320;64;64;QP;46
BlockStat;3;  64; 320;64;64;SplitSeries;1
BlockStat;3;  64; 320;64;64;SkipFlag;1
BlockStat;3;  64; 320;64;64;MMVDSkipFlag;0
BlockStat;3;  64; 320;64;64;PredMode;0
BlockStat;3;  64; 320;64;64;MergeIdx;5
BlockStat;3;  64; 320;64;64;MergeType;0
BlockStat;3;  64; 320;64;64;MMVDMergeFlag;0
BlockStat;3;  64; 320;64;64;AffineFlag;0
BlockStat;3;  64; 320;64;64;MVPIdxL0;255
BlockStat;3;  64; 320;64;64;RefIdxL0;0
BlockStat;3;  64; 320;64;64;MVPIdxL1;255
BlockStat;3;  64; 320;64;64;RefIdxL1;0
BlockStat;3;  64; 320;64;64;MVDL0;   0;   0
BlockStat;3;  64; 320;64;64;MVL0;  -7;  -4
BlockStat;3;  64; 320;64;64;MVDL1;   0;   0
BlockStat;3;  64; 320;64;64;MVL1;   7;   4
BlockStat;3; 128; 256;128;128;Depth;0
BlockStat;3; 128; 256;128;128;QT_Depth;0
BlockStat;3; 128; 256;128;128;BT_Depth;0
BlockStat;3; 128; 256;128;128;MT_Depth;0
BlockStat;3; 128; 256;128;128;ChromaQPAdj;0
BlockStat;3; 128; 256;128;128;QP;46
BlockStat;3; 128; 256;128;128;SplitSeries;0
BlockStat;3; 128; 256;128;128;SkipFlag;1
BlockStat;3; 128; 256;128;128;MMVDSkipFlag;0
BlockStat;3; 128; 256;128;128;PredMode;0
BlockStat;3; 128; 256;128;128;MergeIdx;1
BlockStat;3; 128; 256;128;128;MergeType;0
BlockStat;3; 128; 256;128;128;MMVDMergeFlag;0
BlockStat;3; 128; 256;128;128;AffineFlag;0
BlockStat;3; 128; 256;128;128;MVPIdxL0;255
BlockStat;3; 128; 256;128;128;RefIdxL0;0
BlockStat;3; 128; 256;128;128;MVPIdxL1;255
BlockStat;3; 128; 256;128;128;RefIdxL1;0
BlockStat;3; 128; 256;128;128;MVDL0;   0;   0
BlockStat;3; 128; 256;128;128;MVL0;  -5;   0
BlockStat;3; 128; 256;128;128;MVDL1;   0;   0
BlockStat;3; 128; 256;128;128;MVL1;   5;   0
BlockStat;3; 256; 256;16;64;Depth;3
BlockStat;3; 256; 256;16;64;QT_Depth;1
BlockStat;3; 256; 256;16;64;BT_Depth;2
BlockStat;3; 256; 256;16;64;MT_Depth;2
BlockStat;3; 256; 256;16;64;ChromaQPAdj;0
BlockStat;3; 256; 256;16;64;QP;46
BlockStat;3; 256; 256;16;64;SplitSeries;3169
BlockStat;3; 256; 256;16;64;SkipFlag;1
BlockStat;3; 256; 256;16;64;MMVDSkipFlag;0
BlockStat;3; 256; 256;16;64;PredMode;0
BlockStat;3; 256; 256;16;64;MergeIdx;0
BlockStat;3; 256; 256;16;64;MergeType;1
BlockStat;3; 256; 256;16;64;MMVDMergeFlag;0
BlockStat;3; 256; 256;16;64;AffineFlag;1
BlockStat;3; 256; 256;16;64;MVPIdxL1;255
BlockStat;3; 256; 256;16;64;RefIdxL1;0
BlockStat;3; 256; 256;16;64;AffineMVL1;   0;   0;   0;   0;   0;   0
BlockStat;3; 272; 256;16;16;Depth;4
BlockStat;3; 272; 256;16;16;QT_Depth;1
BlockStat;3; 272; 256;16;16;BT_Depth;4
BlockStat;3; 272; 256;16;16;MT_Depth;3
BlockStat;3; 272; 256;16;16;ChromaQPAdj;0
BlockStat;3; 272; 256;16;16;QP;46
BlockStat;3; 272; 256;16;16;SplitSeries;134241
BlockStat;3; 272; 256;16;16;SkipFlag;1
BlockStat;3; 272; 256;16;16;MMVDSkipFlag;0
BlockStat;3; 272; 256;16;16;PredMode;0
BlockStat;3; 272; 256;16;16;MergeIdx;4
BlockStat;3; 272; 256;16;16;MergeType;0
BlockStat;3; 272; 256;16;16;MMVDMergeFlag;0
BlockStat;3; 272; 256;16;16;AffineFlag;0
BlockStat;3; 272; 256;16;16;MVPIdxL0;255
BlockStat;3; 272; 256;16;16;RefIdxL0;0
BlockStat: POC 3 @( 272, 256) [16x16] TrianglePartitioning={   0,  16,  16,   0}
BlockStat: POC 3 @[(272, 256)--(288, 256)--(272, 272)--] TriangleMVL1={   0,   0}
BlockStat: POC 3 @[(288, 256)--(272, 272)--(288, 272)--] TriangleMVL0={ -22,   4}
BlockStat;3; 272; 272;16;32;Depth;4
BlockStat;3; 272; 272;16;32;QT_Depth;1
BlockStat;3; 272; 272;16;32;BT_Depth;3
BlockStat;3; 272; 272;16;32;MT_Depth;3
BlockStat;3; 272; 272;16;32;ChromaQPAdj;0
BlockStat;3; 272; 272;16;32;QP;46
BlockStat;3; 272; 272;16;32;SplitSeries;134241
BlockStat;3; 272; 272;16;32;SkipFlag;1
BlockStat;3; 272; 272;16;32;MMVDSkipFlag;0
BlockStat;3; 272; 272;16;32;PredMode;0
BlockStat;3; 272; 272;16;32;MergeIdx;2
BlockStat;3; 272; 272;16;32;MergeType;0
BlockStat;3; 272; 272;16;32;MMVDMergeFlag;0
BlockStat;3; 272; 272;16;32;AffineFlag;0
BlockStat;3; 272; 272;16;32;MVPIdxL0;255
BlockStat;3; 272; 272;16;32;RefIdxL0;0
BlockStat;3; 272; 272;16;32;MVPIdxL1;255
BlockStat;3; 272; 272;16;32;RefIdxL1;0
BlockStat;3; 272; 272;16;32;MVDL0;   0;   0
BlockStat;3; 272; 272;16;32;MVL0; -20;   4
BlockStat;3; 272; 272;16;32;MVDL1;   0;   0
BlockStat;3; 272; 272;16;32;MVL1;  21;  -2
BlockStat;3; 272; 304;16;16;Depth;4
BlockStat;3; 272; 304;16;16;QT_Depth;1
BlockStat;3; 272; 304;16;16;BT_Depth;4
BlockStat;3; 272; 304;16;16;MT_Depth;3
BlockStat;3; 272; 304;16;16;ChromaQPAdj;0
BlockStat;3; 272; 304;16;16;QP;46
BlockStat;3; 272; 304;16;16;SplitSeries;134241
BlockStat;3; 272; 304;16;16;SkipFlag;1
BlockStat;3; 272; 304;16;16;MMVDSkipFlag;0
BlockStat;3; 272; 304;16;16;PredMode;0
BlockStat;3; 272; 304;16;16;MergeIdx;0
BlockStat;3; 272; 304;16;16;MergeType;1
BlockStat;3; 272; 304;16;16;MMVDMergeFlag;0
BlockStat;3; 272; 304;16;16;AffineFlag;1
BlockStat;3; 272; 304;16;16;MVPIdxL0;255
BlockStat;3; 272; 304;16;16;RefIdxL0;0
BlockStat;3; 272; 304;16;16;MVPIdxL1;255
BlockStat;3; 272; 304;16;16;RefIdxL1;0
BlockStat;3; 272; 304;16;16;AffineMVL0; -20;   4; -20;   4; -20;   4
BlockStat;3; 272; 304;16;16;AffineMVL1;  21;  -2;  21;  -2;  21;  -2
BlockStat;3; 288; 256;32;64;Depth;2
BlockStat;3; 288; 256;32;64;QT_Depth;1
BlockStat;3; 288; 256;32;64;BT_Depth;1
BlockStat;3; 288; 256;32;64;MT_Depth;1
BlockStat;3; 288; 256;32;64;ChromaQPAdj;0
BlockStat;3; 288; 256;32;64;QP;46
BlockStat;3; 288; 256;32;64;SplitSeries;97
BlockStat;3; 288; 256;32;64;SkipFlag;1
BlockStat;3; 288; 256;32;64;MMVDSkipFlag;0
BlockStat;3; 288; 256;32;64;PredMode;0
BlockStat;3; 288; 256;32;64;MergeIdx;5
BlockStat;3; 288; 256;32;64;MergeType;0
BlockStat;3; 288; 256;32;64;MMVDMergeFlag;0
BlockStat;3; 288; 256;32;64;AffineFlag;0
BlockStat;3; 288; 256;32;64;MVPIdxL0;255
BlockStat;3; 288; 256;32;64;RefIdxL0;0
BlockStat;3; 288; 256;32;64;MVPIdxL1;255
BlockStat;3; 288; 256;32;64;RefIdxL1;0
BlockStat;3; 288; 256;32;64;MVDL0;   0;   0
BlockStat;3; 288; 256;32;64;MVL0; -21;   3
BlockStat;3; 288; 256;32;64;MVDL1;   0;   0
BlockStat;3; 288; 256;32;64;MVL1;  21;  -2
BlockStat;3; 320; 256;32;32;Depth;2
BlockStat;3; 320; 256;32;32;QT_Depth;2
BlockStat;3; 320; 256;32;32;BT_Depth;0
BlockStat;3; 320; 256;32;32;MT_Depth;0
BlockStat;3; 320; 256;32;32;ChromaQPAdj;0
BlockStat;3; 320; 256;32;32;QP;46
BlockStat;3; 320; 256;32;32;SplitSeries;33
BlockStat;3; 320; 256;32;32;SkipFlag;1
BlockStat;3; 320; 256;32;32;MMVDSkipFlag;0
BlockStat;3; 320; 256;32;32;PredMode;0
BlockStat;3; 320; 256;32;32;MergeIdx;0
BlockStat;3; 320; 256;32;32;MergeType;1
BlockStat;3; 320; 256;32;32;MMVDMergeFlag;0
BlockStat;3; 320; 256;32;32;AffineFlag;1
BlockStat;3; 320; 256;32;32;MVPIdxL0;255
BlockStat;3; 320; 256;32;32;RefIdxL0;0
BlockStat;3; 320; 256;32;32;MVPIdxL1;255
BlockStat;3; 320; 256;32;32;RefIdxL1;0
BlockStat;3; 320; 256;32;32;AffineMVL0; -20;   2; -20;   2; -20;   0
BlockStat;3; 320; 256;32;32;AffineMVL1;  21;   0;  20;   1;  21;   2
BlockStat;3; 352; 256; 8;32;Depth;3
BlockStat;3; 352; 256; 8;32;QT_Depth;2
BlockStat;3; 352; 256; 8;32;BT_Depth;2
BlockStat;3; 352; 256; 8;32;MT_Depth;1
BlockStat;3; 352; 256; 8;32;ChromaQPAdj;0
BlockStat;3; 352; 256; 8;32;QP;46
BlockStat;3; 352; 256; 8;32;SplitSeries;5153
BlockStat;3; 352; 256; 8;32;SkipFlag;1
BlockStat;3; 352; 256; 8;32;MMVDSkipFlag;0
BlockStat;3; 352; 256; 8;32;PredMode;0
BlockStat;3; 352; 256; 8;32;MergeIdx;0
BlockStat;3; 352; 256; 8;32;MergeType;1
BlockStat;3; 352; 256; 8;32;MMVDMergeFlag;0
BlockStat;3; 352; 256; 8;32;AffineFlag;1
BlockStat;3; 352; 256; 8;32;MVPIdxL0;255
BlockStat;3; 352; 256; 8;32;RefIdxL0;0
BlockStat;3; 352; 256; 8;32;MVPIdxL1;255
BlockStat;3; 352; 256; 8;32;RefIdxL1;0
BlockStat;3; 352; 256; 8;32;AffineMVL0; -20;   2; -20;   2; -20;   2
BlockStat;3; 352; 256; 8;32;AffineMVL1;  20;   1;  20;   1;  20;   0
BlockStat;3; 360; 256; 4;32;Depth;4
BlockStat;3; 360; 256; 4;32;QT_Depth;2
BlockStat;3; 360; 256; 4;32;BT_Depth;3
BlockStat;3; 360; 256; 4;32;MT_Depth;2
BlockStat;3; 360; 256; 4;32;ChromaQPAdj;0
BlockStat;3; 360; 256; 4;32;QP;46
BlockStat;3; 360; 256; 4;32;SplitSeries;168993
BlockStat;3; 360; 256; 4;32;SkipFlag;1
BlockStat;3; 360; 256; 4;32;MMVDSkipFlag;0
BlockStat;3; 360; 256; 4;32;PredMode;0
BlockStat;3; 360; 256; 4;32;MergeIdx;2
BlockStat;3; 360; 256; 4;32;MergeType;0
BlockStat;3; 360; 256; 4;32;MMVDMergeFlag;0
BlockStat;3; 360; 256; 4;32;MVPIdxL0;255
BlockStat;3; 360; 256; 4;32;RefIdxL0;0
BlockStat;3; 360; 256; 4;32;MVDL0;   0;   0
BlockStat;3; 360; 256; 4;32;MVL0; -21;   2
BlockStat;3; 364; 256; 8;32;Depth;4
BlockStat;3; 364; 256; 8;32;QT_Depth;2
BlockStat;3; 364; 256; 8;32;BT_Depth;2
BlockStat;3; 364; 256; 8;32;MT_Depth;2
BlockStat;3; 364; 256; 8;32;ChromaQPAdj;0
BlockStat;3; 364; 256; 8;32;QP;46
BlockStat;3; 364; 256; 8;32;SplitSeries;168993
BlockStat;3; 364; 256; 8;32;SkipFlag;1
BlockStat;3; 364; 256; 8;32;MMVDSkipFlag;0
BlockStat;3; 364; 256; 8;32;PredMode;0
BlockStat;3; 364; 256; 8;32;MergeIdx;0
BlockStat;3; 364; 256; 8;32;MergeType;1
BlockStat;3; 364; 256; 8;32;MMVDMergeFlag;0
BlockStat;3; 364; 256; 8;32;AffineFlag;1
BlockStat;3; 364; 256; 8;32;MVPIdxL0;255
BlockStat;3; 364; 256; 8;32;RefIdxL0;0
BlockStat;3; 364; 256; 8;32;MVPIdxL1;255
BlockStat;3; 364; 256; 8;32;RefIdxL1;0
BlockStat;3; 364; 256; 8;32;AffineMVL0;   0;   0;   0;   0; -20;   2
BlockStat;3; 364; 256; 8;32;AffineMVL1;   0;   0;   0;   0;  20;   0
BlockStat;3; 372; 256; 4;32;Depth;4
BlockStat;3; 372; 256; 4;32;QT_Depth;2
BlockStat;3; 372; 256; 4;32;BT_Depth;3
BlockStat;3; 372; 256; 4;32;MT_Depth;2
BlockStat;3; 372; 256; 4;32;ChromaQPAdj;0
BlockStat;3; 372; 256; 4;32;QP;46
BlockStat;3; 372; 256; 4;32;SplitSeries;168993
BlockStat;3; 372; 256; 4;32;SkipFlag;1
BlockStat;3; 372; 256; 4;32;MMVDSkipFlag;0
BlockStat;3; 372; 256; 4;32;PredMode;0
BlockStat;3; 372; 256; 4;32;MergeIdx;1
BlockStat;3; 372; 256; 4;32;MergeType;0
BlockStat;3; 372; 256; 4;32;MMVDMergeFlag;0
BlockStat;3; 372; 256; 4;32;MVPIdxL0;255
BlockStat;3; 372; 256; 4;32;RefIdxL0;0
BlockStat;3; 372; 256; 4;32;MVDL0;   0;   0
BlockStat;3; 372; 256; 4;32;MVL0;   0;   0
BlockStat;3; 376; 256; 8;32;Depth;3
BlockStat;3; 376; 256; 8;32;QT_Depth;2
BlockStat;3; 376; 256; 8;32;BT_Depth;2
BlockStat;3; 376; 256; 8;32;MT_Depth;1
BlockStat;3; 376; 256; 8;32;ChromaQPAdj;0
BlockStat;3; 376; 256; 8;32;QP;46
BlockStat;3; 376; 256; 8;32;SplitSeries;5153
BlockStat;3; 376; 256; 8;32;SkipFlag;1
BlockStat;3; 376; 256; 8;32;MMVDSkipFlag;0
BlockStat;3; 376; 256; 8;32;PredMode;0
BlockStat;3; 376; 256; 8;32;MergeIdx;0
BlockStat;3; 376; 256; 8;32;MergeType;1
BlockStat;3; 376; 256; 8;32;MMVDMergeFlag;0
BlockStat;3; 376; 256; 8;32;AffineFlag;1
BlockStat;3; 376; 256; 8;32;MVPIdxL0;255
BlockStat;3; 376; 256; 8;32;RefIdxL0;0
BlockStat;3; 376; 256; 8;32;AffineMVL0;   0;   0;   0;   0;   0;   0
BlockStat;3; 320; 288;32;32;Depth;2
BlockStat;3; 320; 288;32;32;QT_Depth;2
BlockStat;3; 320; 288;32;32;BT_Depth;0
BlockStat;3; 320; 288;32;32;MT_Depth;0
BlockStat;3; 320; 288;32;32;ChromaQPAdj;0
BlockStat;3; 320; 288;32;32;QP;46
BlockStat;3; 320; 288;32;32;SplitSeries;33
BlockStat;3; 320; 288;32;32;SkipFlag;1
BlockStat;3; 320; 288;32;32;MMVDSkipFlag;0
BlockStat;3; 320; 288;32;32;PredMode;0
BlockStat;3; 320; 288;32;32;MergeIdx;0
BlockStat;3; 320; 288;32;32;MergeType;1
BlockStat;3; 320; 288;32;32;MMVDMergeFlag;0
BlockStat;3; 320; 288;32;32;AffineFlag;1
BlockStat;3; 320; 288;32;32;MVPIdxL0;255
BlockStat;3; 320; 288;32;32;RefIdxL0;0
BlockStat;3; 320; 288;32;32;MVPIdxL1;255
BlockStat;3; 320; 288;32;32;RefIdxL1;0
BlockStat;3; 320; 288;32;32;AffineMVL0; -21;   2; -20;   2; -22;   2
BlockStat;3; 320; 288;32;32;AffineMVL1;  21;   0;  21;   0;  22;   0
BlockStat;3; 352; 288; 8;32;Depth;3
BlockStat;3; 352; 288; 8;32;QT_Depth;2
BlockStat;3; 352; 288; 8;32;BT_Depth;2
BlockStat;3; 352; 288; 8;32;MT_Depth;1
BlockStat;3; 352; 288; 8;32;ChromaQPAdj;0
BlockStat;3; 352; 288; 8;32;QP;46
BlockStat;3; 352; 288; 8;32;SplitSeries;5153
BlockStat;3; 352; 288; 8;32;SkipFlag;1
BlockStat;3; 352; 288; 8;32;MMVDSkipFlag;0
BlockStat;3; 352; 288; 8;32;PredMode;0
BlockStat;3; 352; 288; 8;32;MergeIdx;0
BlockStat;3; 352; 288; 8;32;MergeType;1
BlockStat;3; 352; 288; 8;32;MMVDMergeFlag;0
BlockStat;3; 352; 288; 8;32;AffineFlag;1
BlockStat;3; 352; 288; 8;32;MVPIdxL0;255
BlockStat;3; 352; 288; 8;32;RefIdxL0;0
BlockStat;3; 352; 288; 8;32;MVPIdxL1;255
BlockStat;3; 352; 288; 8;32;RefIdxL1;0
BlockStat;3; 352; 288; 8;32;AffineMVL0; -20;   2; -20;   2; -20;   6
BlockStat;3; 352; 288; 8;32;AffineMVL1;  21;   0;  21;   0;  20;  -4
BlockStat;3; 360; 288;16;32;Depth;3
BlockStat;3; 360; 288;16;32;QT_Depth;2
BlockStat;3; 360; 288;16;32;BT_Depth;1
BlockStat;3; 360; 288;16;32;MT_Depth;1
BlockStat;3; 360; 288;16;32;ChromaQPAdj;0
BlockStat;3; 360; 288;16;32;QP;46
BlockStat;3; 360; 288;16;32;SplitSeries;5153
BlockStat;3; 360; 288;16;32;SkipFlag;1
BlockStat;3; 360; 288;16;32;MMVDSkipFlag;0
BlockStat;3; 360; 288;16;32;PredMode;0
BlockStat;3; 360; 288;16;32;MergeIdx;1
BlockStat;3; 360; 288;16;32;MergeType;0
BlockStat;3; 360; 288;16;32;MMVDMergeFlag;0
BlockStat;3; 360; 288;16;32;AffineFlag;0
BlockStat;3; 360; 288;16;32;MVPIdxL0;255
BlockStat;3; 360; 288;16;32;RefIdxL0;0
BlockStat: POC 3 @( 360, 288) [16x32] TrianglePartitioning={   0,  32,  16,   0}
BlockStat: POC 3 @[(360, 288)--(376, 288)--(360, 320)--] TriangleMVL0={ -21,   2}
BlockStat: POC 3 @[(376, 288)--(360, 320)--(376, 320)--] TriangleMVL0={   0,   0}
BlockStat;3; 376; 288; 8;32;Depth;3
BlockStat;3; 376; 288; 8;32;QT_Depth;2
BlockStat;3; 376; 288; 8;32;BT_Depth;2
BlockStat;3; 376; 288; 8;32;MT_Depth;1
BlockStat;3; 376; 288; 8;32;ChromaQPAdj;0
BlockStat;3; 376; 288; 8;32;QP;46
BlockStat;3; 376; 288; 8;32;SplitSeries;5153
BlockStat;3; 376; 288; 8;32;SkipFlag;1
BlockStat;3; 376; 288; 8;32;MMVDSkipFlag;0
BlockStat;3; 376; 288; 8;32;PredMode;0
BlockStat;3; 376; 288; 8;32;MergeIdx;0
BlockStat;3; 376; 288; 8;32;MergeType;1
BlockStat;3; 376; 288; 8;32;MMVDMergeFlag;0
BlockStat;3; 376; 288; 8;32;AffineFlag;1
BlockStat;3; 376; 288; 8;32;MVPIdxL0;255
BlockStat;3; 376; 288; 8;32;RefIdxL0;0
BlockStat;3; 376; 288; 8;32;AffineMVL0;   0;   0;   0;   0;   0;   0
BlockStat;3; 256; 320; 8;32;Depth;3
BlockStat;3; 256; 320; 8;32;QT_Depth;2
BlockStat;3; 256; 320; 8;32;BT_Depth;2
BlockStat;3; 256; 320; 8;32;MT_Depth;1
BlockStat;3; 256; 320; 8;32;ChromaQPAdj;0
BlockStat;3; 256; 320; 8;32;QP;46
BlockStat;3; 256; 320; 8;32;SplitSeries;5153
BlockStat;3; 256; 320; 8;32;SkipFlag;1
BlockStat;3; 256; 320; 8;32;MMVDSkipFlag;0
BlockStat;3; 256; 320; 8;32;PredMode;0
BlockStat;3; 256; 320; 8;32;MergeIdx;3
BlockStat;3; 256; 320; 8;32;MergeType;0
BlockStat;3; 256; 320; 8;32;MMVDMergeFlag;0
BlockStat;3; 256; 320; 8;32;AffineFlag;0
BlockStat;3; 256; 320; 8;32;MVPIdxL1;255
BlockStat;3; 256; 320; 8;32;RefIdxL1;0
BlockStat: POC 3 @( 256, 320) [ 8x32] TrianglePartitioning={   0,  32,   8,   0}
BlockStat: POC 3 @[(256, 320)--(264, 320)--(256, 352)--] TriangleMVL1={   0,   0}
BlockStat: POC 3 @[(264, 320)--(256, 352)--(264, 352)--] TriangleMVL1={  20,   0}
BlockStat;3; 264; 320;16;32;Depth;3
BlockStat;3; 264; 320;16;32;QT_Depth;2
BlockStat;3; 264; 320;16;32;BT_Depth;1
BlockStat;3; 264; 320;16;32;MT_Depth;1
BlockStat;3; 264; 320;16;32;ChromaQPAdj;0
BlockStat;3; 264; 320;16;32;QP;46
BlockStat;3; 264; 320;16;32;SplitSeries;5153
BlockStat;3; 264; 320;16;32;SkipFlag;1
BlockStat;3; 264; 320;16;32;MMVDSkipFlag;0
BlockStat;3; 264; 320;16;32;PredMode;0
BlockStat;3; 264; 320;16;32;MergeIdx;3
BlockStat;3; 264; 320;16;32;MergeType;0
BlockStat;3; 264; 320;16;32;MMVDMergeFlag;0
BlockStat;3; 264; 320;16;32;AffineFlag;0
BlockStat;3; 264; 320;16;32;MVPIdxL0;255
BlockStat;3; 264; 320;16;32;RefIdxL0;0
BlockStat;3; 264; 320;16;32;MVPIdxL1;255
BlockStat;3; 264; 320;16;32;RefIdxL1;0
BlockStat;3; 264; 320;16;32;MVDL0;   0;   0
BlockStat;3; 264; 320;16;32;MVL0; -20;   0
BlockStat;3; 264; 320;16;32;MVDL1;   0;   0
BlockStat;3; 264; 320;16;32;MVL1;  20;   0
BlockStat;3; 280; 320; 8;32;Depth;3
BlockStat;3; 280; 320; 8;32;QT_Depth;2
BlockStat;3; 280; 320; 8;32;BT_Depth;2
BlockStat;3; 280; 320; 8;32;MT_Depth;1
BlockStat;3; 280; 320; 8;32;ChromaQPAdj;0
BlockStat;3; 280; 320; 8;32;QP;46
BlockStat;3; 280; 320; 8;32;SplitSeries;5153
BlockStat;3; 280; 320; 8;32;SkipFlag;1
BlockStat;3; 280; 320; 8;32;MMVDSkipFlag;0
BlockStat;3; 280; 320; 8;32;PredMode;0
BlockStat;3; 280; 320; 8;32;MergeIdx;2
BlockStat;3; 280; 320; 8;32;MergeType;0
BlockStat;3; 280; 320; 8;32;MMVDMergeFlag;0
BlockStat;3; 280; 320; 8;32;AffineFlag;0
BlockStat;3; 280; 320; 8;32;MVPIdxL0;255
BlockStat;3; 280; 320; 8;32;RefIdxL0;0
BlockStat;3; 280; 320; 8;32;MVPIdxL1;255
BlockStat;3; 280; 320; 8;32;RefIdxL1;0
BlockStat;3; 280; 320; 8;32;MVDL0;   0;   0
BlockStat;3; 280; 320; 8;32;MVL0; -21;   3
BlockStat;3; 280; 320; 8;32;MVDL1;   0;   0
BlockStat;3; 280; 320; 8;32;MVL1;  21;  -2
BlockStat;3; 288; 320;32;32;Depth;2
BlockStat;3; 288; 320;32;32;QT_Depth;2
BlockStat;3; 288; 320;32;32;BT_Depth;0
BlockStat;3; 288; 320;32;32;MT_Depth;0
BlockStat;3; 288; 320;32;32;ChromaQPAdj;0
BlockStat;3; 288; 320;32;32;QP;46
BlockStat;3; 288; 320;32;32;SplitSeries;33
BlockStat;3; 288; 320;32;32;SkipFlag;1
BlockStat;3; 288; 320;32;32;MMVDSkipFlag;0
BlockStat;3; 288; 320;32;32;PredMode;0
BlockStat;3; 288; 320;32;32;MergeIdx;0
BlockStat;3; 288; 320;32;32;MergeType;1
BlockStat;3; 288; 320;32;32;MMVDMergeFlag;0
BlockStat;3; 288; 320;32;32;AffineFlag;1
BlockStat;3; 288; 320;32;32;MVPIdxL0;255
BlockStat;3; 288; 320;32;32;RefIdxL0;0
BlockStat;3; 288; 320;32;32;MVPIdxL1;255
BlockStat;3; 288; 320;32;32;RefIdxL1;0
BlockStat;3; 288; 320;32;32;AffineMVL0; -21;   4; -21;   4; -20;   4
BlockStat;3; 288; 320;32;32;AffineMVL1;  22;  -2;  21;  -2;  20;  -2
BlockStat;3; 256; 352;32;16;Depth;3
BlockStat;3; 256; 352;32;16;QT_Depth;2
BlockStat;3; 256; 352;32;16;BT_Depth;1
BlockStat;3; 256; 352;32;16;MT_Depth;1
BlockStat;3; 256; 352;32;16;ChromaQPAdj;0
BlockStat;3; 256; 352;32;16;QP;46
BlockStat;3; 256; 352;32;16;SplitSeries;2081
BlockStat;3; 256; 352;32;16;SkipFlag;1
BlockStat;3; 256; 352;32;16;MMVDSkipFlag;0
BlockStat;3; 256; 352;32;16;PredMode;0
BlockStat;3; 256; 352;32;16;MergeIdx;3
BlockStat;3; 256; 352;32;16;MergeType;0
BlockStat;3; 256; 352;32;16;MMVDMergeFlag;0
BlockStat;3; 256; 352;32;16;AffineFlag;0
BlockStat;3; 256; 352;32;16;MVPIdxL1;255
BlockStat;3; 256; 352;32;16;RefIdxL1;0
BlockStat: POC 3 @( 256, 352) [32x16] TrianglePartitioning={   0,   0,  32,  16}
BlockStat: POC 3 @[(256, 352)--(288, 352)--(288, 368)--] TriangleMVL0={  -5,   0}
BlockStat: POC 3 @[(256, 352)--(256, 368)--(288, 368)--] TriangleMVL0={   0,   0}
BlockStat;3; 256; 368;32;16;Depth;3
BlockStat;3; 256; 368;32;16;QT_Depth;2
BlockStat;3; 256; 368;32;16;BT_Depth;1
BlockStat;3; 256; 368;32;16;MT_Depth;1
BlockStat;3; 256; 368;32;16;ChromaQPAdj;0
BlockStat;3; 256; 368;32;16;QP;46
BlockStat;3; 256; 368;32;16;SplitSeries;2081
BlockStat;3; 256; 368;32;16;SkipFlag;1
BlockStat;3; 256; 368;32;16;MMVDSkipFlag;0
BlockStat;3; 256; 368;32;16;PredMode;0
BlockStat;3; 256; 368;32;16;MergeIdx;0
BlockStat;3; 256; 368;32;16;MergeType;1
BlockStat;3; 256; 368;32;16;MMVDMergeFlag;0
BlockStat;3; 256; 368;32;16;AffineFlag;1
BlockStat;3; 256; 368;32;16;MVPIdxL1;255
BlockStat;3; 256; 368;32;16;RefIdxL1;0
BlockStat;3; 256; 368;32;16;AffineMVL1;   0;   0;   0;   0;   0;   0
BlockStat;3; 288; 352;32;32;Depth;2
BlockStat;3; 288; 352;32;32;QT_Depth;2
BlockStat;3; 288; 352;32;32;BT_Depth;0
BlockStat;3; 288; 352;32;32;MT_Depth;0
BlockStat;3; 288; 352;32;32;ChromaQPAdj;0
BlockStat;3; 288; 352;32;32;QP;46
BlockStat;3; 288; 352;32;32;SplitSeries;33
BlockStat;3; 288; 352;32;32;SkipFlag;1
BlockStat;3; 288; 352;32;32;MMVDSkipFlag;0
BlockStat;3; 288; 352;32;32;PredMode;0
BlockStat;3; 288; 352;32;32;MergeIdx;0
BlockStat;3; 288; 352;32;32;MergeType;1
BlockStat;3; 288; 352;32;32;MMVDMergeFlag;0
BlockStat;3; 288; 352;32;32;AffineFlag;1
BlockStat;3; 288; 352;32;32;MVPIdxL0;255
BlockStat;3; 288; 352;32;32;RefIdxL0;0
BlockStat;3; 288; 352;32;32;MVPIdxL1;255
BlockStat;3; 288; 352;32;32;RefIdxL1;0
BlockStat;3; 288; 352;32;32;AffineMVL0;   0;   0;   0;   0;   0;   0
BlockStat;3; 288; 352;32;32;AffineMVL1;  20;  -2;  20;  -2;   0;   0
BlockStat;3; 320; 320;32;32;Depth;2
BlockStat;3; 320; 320;32;32;QT_Depth;2
BlockStat;3; 320; 320;32;32;BT_Depth;0
BlockStat;3; 320; 320;32;32;MT_Depth;0
BlockStat;3; 320; 320;32;32;ChromaQPAdj;0
BlockStat;3; 320; 320;32;32;QP;46
BlockStat;3; 320; 320;32;32;SplitSeries;33
BlockStat;3; 320; 320;32;32;SkipFlag;1
BlockStat;3; 320; 320;32;32;MMVDSkipFlag;0
BlockStat;3; 320; 320;32;32;PredMode;0
BlockStat;3; 320; 320;32;32;MergeIdx;0
BlockStat;3; 320; 320;32;32;MergeType;1
BlockStat;3; 320; 320;32;32;MMVDMergeFlag;0
BlockStat;3; 320; 320;32;32;AffineFlag;1
BlockStat;3; 320; 320;32;32;MVPIdxL0;255
BlockStat;3; 320; 320;32;32;RefIdxL0;0
BlockStat;3; 320; 320;32;32;MVPIdxL1;255
BlockStat;3; 320; 320;32;32;RefIdxL1;0
BlockStat;3; 320; 320;32;32;AffineMVL0; -21;   4; -22;   2; -21;   1
BlockStat;3; 320; 320;32;32;AffineMVL1;  21;  -2;  22;   0;  21;   1
BlockStat;3; 352; 320; 8;32;Depth;3
BlockStat;3; 352; 320; 8;32;QT_Depth;2
BlockStat;3; 352; 320; 8;32;BT_Depth;2
BlockStat;3; 352; 320; 8;32;MT_Depth;1
BlockStat;3; 352; 320; 8;32;ChromaQPAdj;0
BlockStat;3; 352; 320; 8;32;QP;46
BlockStat;3; 352; 320; 8;32;SplitSeries;5153
BlockStat;3; 352; 320; 8;32;SkipFlag;1
BlockStat;3; 352; 320; 8;32;MMVDSkipFlag;0
BlockStat;3; 352; 320; 8;32;PredMode;0
BlockStat;3; 352; 320; 8;32;MergeIdx;0
BlockStat;3; 352; 320; 8;32;MergeType;1
BlockStat;3; 352; 320; 8;32;MMVDMergeFlag;0
BlockStat;3; 352; 320; 8;32;AffineFlag;1
BlockStat;3; 352; 320; 8;32;MVPIdxL0;255
BlockStat;3; 352; 320; 8;32;RefIdxL0;0
BlockStat;3; 352; 320; 8;32;MVPIdxL1;255
BlockStat;3; 352; 320; 8;32;RefIdxL1;0
BlockStat;3; 352; 320; 8;32;AffineMVL0; -22;   2; -22;   2; -22;   2
BlockStat;3; 352; 320; 8;32;AffineMVL1;  22;   0;  22;   0;  22;   0
BlockStat;3; 360; 320; 4;32;Depth;4
BlockStat;3; 360; 320; 4;32;QT_Depth;2
BlockStat;3; 360; 320; 4;32;BT_Depth;3
BlockStat;3; 360; 320; 4;32;MT_Depth;2
BlockStat;3; 360; 320; 4;32;ChromaQPAdj;0
BlockStat;3; 360; 320; 4;32;QP;46
BlockStat;3; 360; 320; 4;32;SplitSeries;168993
BlockStat;3; 360; 320; 4;32;SkipFlag;0
BlockStat;3; 360; 320; 4;32;PredMode;0
BlockStat;3; 360; 320; 4;32;MergeFlag;1
BlockStat;3; 360; 320; 4;32;MergeIdx;1
BlockStat;3; 360; 320; 4;32;MergeType;0
BlockStat;3; 360; 320; 4;32;MMVDMergeFlag;0
BlockStat;3; 360; 320; 4;32;MHIntraFlag;1
BlockStat;3; 360; 320; 4;32;Luma_IntraMode;0
BlockStat;3; 360; 320; 4;32;Chroma_IntraMode;70
BlockStat;3; 360; 320; 4;32;MVPIdxL0;255
BlockStat;3; 360; 320; 4;32;RefIdxL0;0
BlockStat;3; 360; 320; 4;32;MVDL0;   0;   0
BlockStat;3; 360; 320; 4;32;MVL0;   0;   0
BlockStat;3; 360; 320; 4;32;Cbf_Y;1
BlockStat;3; 360; 320; 4;32;TransformSkipFlag_Y;0
BlockStat;3; 360; 320; 4;32;Cbf_Cb;0
BlockStat;3; 360; 320; 4;32;Cbf_Cr;0
BlockStat;3; 364; 320; 8;32;Depth;4
BlockStat;3; 364; 320; 8;32;QT_Depth;2
BlockStat;3; 364; 320; 8;32;BT_Depth;2
BlockStat;3; 364; 320; 8;32;MT_Depth;2
BlockStat;3; 364; 320; 8;32;ChromaQPAdj;0
BlockStat;3; 364; 320; 8;32;QP;46
BlockStat;3; 364; 320; 8;32;SplitSeries;168993
BlockStat;3; 364; 320; 8;32;SkipFlag;1
BlockStat;3; 364; 320; 8;32;MMVDSkipFlag;0
BlockStat;3; 364; 320; 8;32;PredMode;0
BlockStat;3; 364; 320; 8;32;MergeIdx;0
BlockStat;3; 364; 320; 8;32;MergeType;1
BlockStat;3; 364; 320; 8;32;MMVDMergeFlag;0
BlockStat;3; 364; 320; 8;32;AffineFlag;1
BlockStat;3; 364; 320; 8;32;MVPIdxL0;255
BlockStat;3; 364; 320; 8;32;RefIdxL0;0
BlockStat;3; 364; 320; 8;32;AffineMVL0;   0;   0;   0;   0;   0;   0
BlockStat;3; 372; 320; 4;32;Depth;4
BlockStat;3; 372; 320; 4;32;QT_Depth;2
BlockStat;3; 372; 320; 4;32;BT_Depth;3
BlockStat;3; 372; 320; 4;32;MT_Depth;2
BlockStat;3; 372; 320; 4;32;ChromaQPAdj;0
BlockStat;3; 372; 320; 4;32;QP;46
BlockStat;3; 372; 320; 4;32;SplitSeries;168993
BlockStat;3; 372; 320; 4;32;SkipFlag;1
BlockStat;3; 372; 320; 4;32;MMVDSkipFlag;0
BlockStat;3; 372; 320; 4;32;PredMode;0
BlockStat;3; 372; 320; 4;32;MergeIdx;1
BlockStat;3; 372; 320; 4;32;MergeType;0
BlockStat;3; 372; 320; 4;32;MMVDMergeFlag;0
BlockStat;3; 372; 320; 4;32;MVPIdxL0;255
BlockStat;3; 372; 320; 4;32;RefIdxL0;0
BlockStat;3; 372; 320; 4;32;MVPIdxL1;255
BlockStat;3; 372; 320; 4;32;RefIdxL1;0
BlockStat;3; 372; 320; 4;32;MVDL0;   0;   0
BlockStat;3; 372; 320; 4;32;MVL0;   0;   0
BlockStat;3; 372; 320; 4;32;MVDL1;   0;   0
BlockStat;3; 372; 320; 4;32;MVL1;   0;   0
BlockStat;3; 376; 320; 8;32;Depth;3
BlockStat;3; 376; 320; 8;32;QT_Depth;2
BlockStat;3; 376; 320; 8;32;BT_Depth;2
BlockStat;3; 376; 320; 8;32;MT_Depth;1
BlockStat;3; 376; 320; 8;32;ChromaQPAdj;0
BlockStat;3; 376; 320; 8;32;QP;46
BlockStat;3; 376; 320; 8;32;SplitSeries;5153
BlockStat;3; 376; 320; 8;32;SkipFlag;1
BlockStat;3; 376; 320; 8;32;MMVDSkipFlag;0
BlockStat;3; 376; 320; 8;32;PredMode;0
BlockStat;3; 376; 320; 8;32;MergeIdx;0
BlockStat;3; 376; 320; 8;32;MergeType;1
BlockStat;3; 376; 320; 8;32;MMVDMergeFlag;0
BlockStat;3; 376; 320; 8;32;AffineFlag;1
BlockStat;3; 376; 320; 8;32;MVPIdxL0;255
BlockStat;3; 376; 320; 8;32;RefIdxL0;0
BlockStat;3; 376; 320; 8;32;MVPIdxL1;255
BlockStat;3; 376; 320; 8;32;RefIdxL1;0
BlockStat;3; 376; 320; 8;32;AffineMVL0;   0;   0;   0;   0;   0;   0
BlockStat;3; 376; 320; 8;32;AffineMVL1;   0;   0;   0;   0;   0;   0
BlockStat;3; 320; 352;32;32;Depth;2
BlockStat;3; 320; 352;32;32;QT_Depth;2
BlockStat;3; 320; 352;32;32;BT_Depth;0
BlockStat;3; 320; 352;32;32;MT_Depth;0
BlockStat;3; 320; 352;32;32;ChromaQPAdj;0
BlockStat;3; 320; 352;32;32;QP;46
BlockStat;3; 320; 352;32;32;SplitSeries;33
BlockStat;3; 320; 352;32;32;SkipFlag;1
BlockStat;3; 320; 352;32;32;MMVDSkipFlag;0
BlockStat;3; 320; 352;32;32;PredMode;0
BlockStat;3; 320; 352;32;32;MergeIdx;0
BlockStat;3; 320; 352;32;32;MergeType;1
BlockStat;3; 320; 352;32;32;MMVDMergeFlag;0
BlockStat;3; 320; 352;32;32;AffineFlag;1
BlockStat;3; 320; 352;32;32;MVPIdxL0;255
BlockStat;3; 320; 352;32;32;RefIdxL0;0
BlockStat;3; 320; 352;32;32;MVPIdxL1;255
BlockStat;3; 320; 352;32;32;RefIdxL1;0
BlockStat;3; 320; 352;32;32;AffineMVL0; -20;   4; -22;   2; -16;   6
BlockStat;3; 320; 352;32;32;AffineMVL1;  20;  -2;  22;   0;  16;  -4
BlockStat;3; 352; 352; 8;32;Depth;3
BlockStat;3; 352; 352; 8;32;QT_Depth;2
BlockStat;3; 352; 352; 8;32;BT_Depth;2
BlockStat;3; 352; 352; 8;32;MT_Depth;1
BlockStat;3; 352; 352; 8;32;ChromaQPAdj;0
BlockStat;3; 352; 352; 8;32;QP;46
BlockStat;3; 352; 352; 8;32;SplitSeries;5153
BlockStat;3; 352; 352; 8;32;SkipFlag;1
BlockStat;3; 352; 352; 8;32;MMVDSkipFlag;0
BlockStat;3; 352; 352; 8;32;PredMode;0
BlockStat;3; 352; 352; 8;32;MergeIdx;0
BlockStat;3; 352; 352; 8;32;MergeType;1
BlockStat;3; 352; 352; 8;32;MMVDMergeFlag;0
BlockStat;3; 352; 352; 8;32;AffineFlag;1
BlockStat;3; 352; 352; 8;32;MVPIdxL0;255
BlockStat;3; 352; 352; 8;32;RefIdxL0;0
BlockStat;3; 352; 352; 8;32;MVPIdxL1;255
BlockStat;3; 352; 352; 8;32;RefIdxL1;0
BlockStat;3; 352; 352; 8;32;AffineMVL0; -22;   2; -22;   2; -21;   2
BlockStat;3; 352; 352; 8;32;AffineMVL1;  22;   0;  22;   0;  21;   0
BlockStat;3; 360; 352; 4;32;Depth;4
BlockStat;3; 360; 352; 4;32;QT_Depth;2
BlockStat;3; 360; 352; 4;32;BT_Depth;3
BlockStat;3; 360; 352; 4;32;MT_Depth;2
BlockStat;3; 360; 352; 4;32;ChromaQPAdj;0
BlockStat;3; 360; 352; 4;32;QP;46
BlockStat;3; 360; 352; 4;32;SplitSeries;168993
BlockStat;3; 360; 352; 4;32;SkipFlag;1
BlockStat;3; 360; 352; 4;32;MMVDSkipFlag;0
BlockStat;3; 360; 352; 4;32;PredMode;0
BlockStat;3; 360; 352; 4;32;MergeIdx;0
BlockStat;3; 360; 352; 4;32;MergeType;0
BlockStat;3; 360; 352; 4;32;MMVDMergeFlag;0
BlockStat;3; 360; 352; 4;32;MVPIdxL0;255
BlockStat;3; 360; 352; 4;32;RefIdxL0;0
BlockStat;3; 360; 352; 4;32;MVPIdxL1;255
BlockStat;3; 360; 352; 4;32;RefIdxL1;0
BlockStat;3; 360; 352; 4;32;MVDL0;   0;   0
BlockStat;3; 360; 352; 4;32;MVL0; -21;   2
BlockStat;3; 360; 352; 4;32;MVDL1;   0;   0
BlockStat;3; 360; 352; 4;32;MVL1;  21;   0
BlockStat;3; 364; 352; 8;32;Depth;4
BlockStat;3; 364; 352; 8;32;QT_Depth;2
BlockStat;3; 364; 352; 8;32;BT_Depth;2
BlockStat;3; 364; 352; 8;32;MT_Depth;2
BlockStat;3; 364; 352; 8;32;ChromaQPAdj;0
BlockStat;3; 364; 352; 8;32;QP;46
BlockStat;3; 364; 352; 8;32;SplitSeries;168993
BlockStat;3; 364; 352; 8;32;SkipFlag;1
BlockStat;3; 364; 352; 8;32;MMVDSkipFlag;0
BlockStat;3; 364; 352; 8;32;PredMode;0
BlockStat;3; 364; 352; 8;32;MergeIdx;3
BlockStat;3; 364; 352; 8;32;MergeType;0
BlockStat;3; 364; 352; 8;32;MMVDMergeFlag;0
BlockStat;3; 364; 352; 8;32;AffineFlag;0
BlockStat;3; 364; 352; 8;32;MVPIdxL1;255
BlockStat;3; 364; 352; 8;32;RefIdxL1;0
BlockStat: POC 3 @( 364, 352) [ 8x32] TrianglePartitioning={   0,   0,   8,  32}
BlockStat: POC 3 @[(364, 352)--(372, 352)--(372, 384)--] TriangleMVL0={   0,   0}
BlockStat: POC 3 @[(364, 352)--(364, 384)--(372, 384)--] TriangleMVL0={   0,   0}
BlockStat;3; 372; 352; 4;32;Depth;4
BlockStat;3; 372; 352; 4;32;QT_Depth;2
BlockStat;3; 372; 352; 4;32;BT_Depth;3
BlockStat;3; 372; 352; 4;32;MT_Depth;2
BlockStat;3; 372; 352; 4;32;ChromaQPAdj;0
BlockStat;3; 372; 352; 4;32;QP;46
BlockStat;3; 372; 352; 4;32;SplitSeries;168993
BlockStat;3; 372; 352; 4;32;SkipFlag;1
BlockStat;3; 372; 352; 4;32;MMVDSkipFlag;0
BlockStat;3; 372; 352; 4;32;PredMode;0
BlockStat;3; 372; 352; 4;32;MergeIdx;1
BlockStat;3; 372; 352; 4;32;MergeType;0
BlockStat;3; 372; 352; 4;32;MMVDMergeFlag;0
BlockStat;3; 372; 352; 4;32;MVPIdxL0;255
BlockStat;3; 372; 352; 4;32;RefIdxL0;0
BlockStat;3; 372; 352; 4;32;MVDL0;   0;   0
BlockStat;3; 372; 352; 4;32;MVL0;   0;   0
BlockStat;3; 376; 352; 8;32;Depth;3
BlockStat;3; 376; 352; 8;32;QT_Depth;2
BlockStat;3; 376; 352; 8;32;BT_Depth;2
BlockStat;3; 376; 352; 8;32;MT_Depth;1
BlockStat;3; 376; 352; 8;32;ChromaQPAdj;0
BlockStat;3; 376; 352; 8;32;QP;46
BlockStat;3; 376; 352; 8;32;SplitSeries;5153
BlockStat;3; 376; 352; 8;32;SkipFlag;1
BlockStat;3; 376; 352; 8;32;MMVDSkipFlag;0
BlockStat;3; 376; 352; 8;32;PredMode;0
BlockStat;3; 376; 352; 8;32;MergeIdx;0
BlockStat;3; 376; 352; 8;32;MergeType;1
BlockStat;3; 376; 352; 8;32;MMVDMergeFlag;0
BlockStat;3; 376; 352; 8;32;AffineFlag;1
BlockStat;3; 376; 352; 8;32;MVPIdxL0;255
BlockStat;3; 376; 352; 8;32;RefIdxL0;0
BlockStat;3; 376; 352; 8;32;AffineMVL0;   0;   0;   0;   0;   0;   0
BlockStat;3; 384; 256;128;128;Depth;0
BlockStat;3; 384; 256;128;128;QT_Depth;0
BlockStat;3; 384; 256;128;128;BT_Depth;0
BlockStat;3; 384; 256;128;128;MT_Depth;0
BlockStat;3; 384; 256;128;128;ChromaQPAdj;0
BlockStat;3; 384; 256;128;128;QP;46
BlockStat;3; 384; 256;128;128;SplitSeries;0
BlockStat;3; 384; 256;128;128;SkipFlag;1
BlockStat;3; 384; 256;128;128;MMVDSkipFlag;0
BlockStat;3; 384; 256;128;128;PredMode;0
BlockStat;3; 384; 256;128;128;MergeIdx;0
BlockStat;3; 384; 256;128;128;MergeType;1
BlockStat;3; 384; 256;128;128;MMVDMergeFlag;0
BlockStat;3; 384; 256;128;128;AffineFlag;1
BlockStat;3; 384; 256;128;128;MVPIdxL0;255
BlockStat;3; 384; 256;128;128;RefIdxL0;0
BlockStat;3; 384; 256;128;128;MVPIdxL1;255
BlockStat;3; 384; 256;128;128;RefIdxL1;0
BlockStat;3; 384; 256;128;128;AffineMVL0;   0;   0;   0;   0;   0;   0
BlockStat;3; 384; 256;128;128;AffineMVL1;   0;   0;   0;   0;   0;   0
BlockStat;3; 512; 256;128;128;Depth;0
BlockStat;3; 512; 256;128;128;QT_Depth;0
BlockStat;3; 512; 256;128;128;BT_Depth;0
BlockStat;3; 512; 256;128;128;MT_Depth;0
BlockStat;3; 512; 256;128;128;ChromaQPAdj;0
BlockStat;3; 512; 256;128;128;QP;46
BlockStat;3; 512; 256;128;128;SplitSeries;0
BlockStat;3; 512; 256;128;128;SkipFlag;1
BlockStat;3; 512; 256;128;128;MMVDSkipFlag;0
BlockStat;3; 512; 256;128;128;PredMode;0
BlockStat;3; 512; 256;128;128;MergeIdx;0
BlockStat;3; 512; 256;128;128;MergeType;1
BlockStat;3; 512; 256;128;128;MMVDMergeFlag;0
BlockStat;3; 512; 256;128;128;AffineFlag;1
BlockStat;3; 512; 256;128;128;MVPIdxL0;255
BlockStat;3; 512; 256;128;128;RefIdxL0;0
BlockStat;3; 512; 256;128;128;MVPIdxL1;255
BlockStat;3; 512; 256;128;128;RefIdxL1;0
BlockStat;3; 512; 256;128;128;AffineMVL0;   0;   0;   1;   0;   0;   0
BlockStat;3; 512; 256;128;128;AffineMVL1;   0;   0;  -1;   0;   0;   0
BlockStat;3; 640; 256;128;128;Depth;0
BlockStat;3; 640; 256;128;128;QT_Depth;0
BlockStat;3; 640; 256;128;128;BT_Depth;0
BlockStat;3; 640; 256;128;128;MT_Depth;0
BlockStat;3; 640; 256;128;128;ChromaQPAdj;0
BlockStat;3; 640; 256;128;128;QP;46
BlockStat;3; 640; 256;128;128;SplitSeries;0
BlockStat;3; 640; 256;128;128;SkipFlag;1
BlockStat;3; 640; 256;128;128;MMVDSkipFlag;0
BlockStat;3; 640; 256;128;128;PredMode;0
BlockStat;3; 640; 256;128;128;MergeIdx;0
BlockStat;3; 640; 256;128;128;MergeType;1
BlockStat;3; 640; 256;128;128;MMVDMergeFlag;0
BlockStat;3; 640; 256;128;128;AffineFlag;1
BlockStat;3; 640; 256;128;128;MVPIdxL0;255
BlockStat;3; 640; 256;128;128;RefIdxL0;0
BlockStat;3; 640; 256;128;128;MVPIdxL1;255
BlockStat;3; 640; 256;128;128;RefIdxL1;0
BlockStat;3; 640; 256;128;128;AffineMVL0;   0;   0;   0;   0;   0;   0
BlockStat;3; 640; 256;128;128;AffineMVL1;   0;   0;   0;   0;   0;   0
BlockStat;3; 768; 256;64;64;Depth;1
BlockStat;3; 768; 256;64;64;QT_Depth;1
BlockStat;3; 768; 256;64;64;BT_Depth;0
BlockStat;3; 768; 256;64;64;MT_Depth;0
BlockStat;3; 768; 256;64;64;ChromaQPAdj;0
BlockStat;3; 768; 256;64;64;QP;46
BlockStat;3; 768; 256;64;64;SplitSeries;1
BlockStat;3; 768; 256;64;64;SkipFlag;1
BlockStat;3; 768; 256;64;64;MMVDSkipFlag;0
BlockStat;3; 768; 256;64;64;PredMode;0
BlockStat;3; 768; 256;64;64;MergeIdx;0
BlockStat;3; 768; 256;64;64;MergeType;1
BlockStat;3; 768; 256;64;64;MMVDMergeFlag;0
BlockStat;3; 768; 256;64;64;AffineFlag;1
BlockStat;3; 768; 256;64;64;MVPIdxL0;255
BlockStat;3; 768; 256;64;64;RefIdxL0;0
BlockStat;3; 768; 256;64;64;MVPIdxL1;255
BlockStat;3; 768; 256;64;64;RefIdxL1;0
BlockStat;3; 768; 256;64;64;AffineMVL0;   0;   0;   0;   0;   0;   0
BlockStat;3; 768; 256;64;64;AffineMVL1;   0;   0;   0;   0;   0;   0
BlockStat;3; 768; 320;64;64;Depth;1
BlockStat;3; 768; 320;64;64;QT_Depth;1
BlockStat;3; 768; 320;64;64;BT_Depth;0
BlockStat;3; 768; 320;64;64;MT_Depth;0
BlockStat;3; 768; 320;64;64;ChromaQPAdj;0
BlockStat;3; 768; 320;64;64;QP;46
BlockStat;3; 768; 320;64;64;SplitSeries;1
BlockStat;3; 768; 320;64;64;SkipFlag;1
BlockStat;3; 768; 320;64;64;MMVDSkipFlag;0
BlockStat;3; 768; 320;64;64;PredMode;0
BlockStat;3; 768; 320;64;64;MergeIdx;0
BlockStat;3; 768; 320;64;64;MergeType;1
BlockStat;3; 768; 320;64;64;MMVDMergeFlag;0
BlockStat;3; 768; 320;64;64;AffineFlag;1
BlockStat;3; 768; 320;64;64;MVPIdxL0;255
BlockStat;3; 768; 320;64;64;RefIdxL0;0
BlockStat;3; 768; 320;64;64;AffineMVL0;   0;   1;   0;   0;   0;   0
BlockStat;3;   0; 384;32;64;Depth;2
BlockStat;3;   0; 384;32;64;QT_Depth;1
BlockStat;3;   0; 384;32;64;BT_Depth;1
BlockStat;3;   0; 384;32;64;MT_Depth;1
BlockStat;3;   0; 384;32;64;ChromaQPAdj;0
BlockStat;3;   0; 384;32;64;QP;46
BlockStat;3;   0; 384;32;64;SplitSeries;97
BlockStat;3;   0; 384;32;64;SkipFlag;1
BlockStat;3;   0; 384;32;64;MMVDSkipFlag;0
BlockStat;3;   0; 384;32;64;PredMode;0
BlockStat;3;   0; 384;32;64;MergeIdx;0
BlockStat;3;   0; 384;32;64;MergeType;1
BlockStat;3;   0; 384;32;64;MMVDMergeFlag;0
BlockStat;3;   0; 384;32;64;AffineFlag;1
BlockStat;3;   0; 384;32;64;MVPIdxL0;255
BlockStat;3;   0; 384;32;64;RefIdxL0;0
BlockStat;3;   0; 384;32;64;MVPIdxL1;255
BlockStat;3;   0; 384;32;64;RefIdxL1;0
BlockStat;3;   0; 384;32;64;AffineMVL0;   4;  -4;  -3;  -2;   4;  -4
BlockStat;3;   0; 384;32;64;AffineMVL1;   0;   0;   2;   3;   0;   0
BlockStat;3;  32; 384;32;64;Depth;2
BlockStat;3;  32; 384;32;64;QT_Depth;1
BlockStat;3;  32; 384;32;64;BT_Depth;1
BlockStat;3;  32; 384;32;64;MT_Depth;1
BlockStat;3;  32; 384;32;64;ChromaQPAdj;0
BlockStat;3;  32; 384;32;64;QP;46
BlockStat;3;  32; 384;32;64;SplitSeries;97
BlockStat;3;  32; 384;32;64;SkipFlag;1
BlockStat;3;  32; 384;32;64;MMVDSkipFlag;0
BlockStat;3;  32; 384;32;64;PredMode;0
BlockStat;3;  32; 384;32;64;MergeIdx;5
BlockStat;3;  32; 384;32;64;MergeType;0
BlockStat;3;  32; 384;32;64;MMVDMergeFlag;1
BlockStat;3;  32; 384;32;64;MMVDMergeIdx;5
BlockStat;3;  32; 384;32;64;MVPIdxL0;255
BlockStat;3;  32; 384;32;64;RefIdxL0;0
BlockStat;3;  32; 384;32;64;MVPIdxL1;255
BlockStat;3;  32; 384;32;64;RefIdxL1;0
BlockStat;3;  32; 384;32;64;MVDL0;   0;   0
BlockStat;3;  32; 384;32;64;MVL0;  -2;   0
BlockStat;3;  32; 384;32;64;MVDL1;   0;   0
BlockStat;3;  32; 384;32;64;MVL1;   2;   0
BlockStat;3;  64; 384;64;64;Depth;1
BlockStat;3;  64; 384;64;64;QT_Depth;1
BlockStat;3;  64; 384;64;64;BT_Depth;0
BlockStat;3;  64; 384;64;64;MT_Depth;0
BlockStat;3;  64; 384;64;64;ChromaQPAdj;0
BlockStat;3;  64; 384;64;64;QP;46
BlockStat;3;  64; 384;64;64;SplitSeries;1
BlockStat;3;  64; 384;64;64;SkipFlag;1
BlockStat;3;  64; 384;64;64;MMVDSkipFlag;0
BlockStat;3;  64; 384;64;64;PredMode;0
BlockStat;3;  64; 384;64;64;MergeIdx;0
BlockStat;3;  64; 384;64;64;MergeType;0
BlockStat;3;  64; 384;64;64;MMVDMergeFlag;0
BlockStat;3;  64; 384;64;64;AffineFlag;0
BlockStat;3;  64; 384;64;64;MVPIdxL0;255
BlockStat;3;  64; 384;64;64;RefIdxL0;0
BlockStat;3;  64; 384;64;64;MVPIdxL1;255
BlockStat;3;  64; 384;64;64;RefIdxL1;0
BlockStat;3;  64; 384;64;64;MVDL0;   0;   0
BlockStat;3;  64; 384;64;64;MVL0;  -2;   0
BlockStat;3;  64; 384;64;64;MVDL1;   0;   0
BlockStat;3;  64; 384;64;64;MVL1;   2;   0
BlockStat;3;   0; 448;64;32;Depth;2
BlockStat;3;   0; 448;64;32;QT_Depth;1
BlockStat;3;   0; 448;64;32;BT_Depth;1
BlockStat;3;   0; 448;64;32;MT_Depth;1
BlockStat;3;   0; 448;64;32;ChromaQPAdj;0
BlockStat;3;   0; 448;64;32;QP;46
BlockStat;3;   0; 448;64;32;SplitSeries;65
BlockStat;3;   0; 448;64;32;SkipFlag;1
BlockStat;3;   0; 448;64;32;MMVDSkipFlag;0
BlockStat;3;   0; 448;64;32;PredMode;0
BlockStat;3;   0; 448;64;32;MergeIdx;1
BlockStat;3;   0; 448;64;32;MergeType;0
BlockStat;3;   0; 448;64;32;MMVDMergeFlag;0
BlockStat;3;   0; 448;64;32;AffineFlag;0
BlockStat;3;   0; 448;64;32;MVPIdxL0;255
BlockStat;3;   0; 448;64;32;RefIdxL0;0
BlockStat;3;   0; 448;64;32;MVPIdxL1;255
BlockStat;3;   0; 448;64;32;RefIdxL1;0
BlockStat;3;   0; 448;64;32;MVDL0;   0;   0
BlockStat;3;   0; 448;64;32;MVL0;   0;   0
BlockStat;3;   0; 448;64;32;MVDL1;   0;   0
BlockStat;3;   0; 448;64;32;MVL1;   0;   0
BlockStat;3;  64; 448;64;32;Depth;2
BlockStat;3;  64; 448;64;32;QT_Depth;1
BlockStat;3;  64; 448;64;32;BT_Depth;1
BlockStat;3;  64; 448;64;32;MT_Depth;1
BlockStat;3;  64; 448;64;32;ChromaQPAdj;0
BlockStat;3;  64; 448;64;32;QP;46
BlockStat;3;  64; 448;64;32;SplitSeries;65
BlockStat;3;  64; 448;64;32;SkipFlag;1
BlockStat;3;  64; 448;64;32;MMVDSkipFlag;0
BlockStat;3;  64; 448;64;32;PredMode;0
BlockStat;3;  64; 448;64;32;MergeIdx;0
BlockStat;3;  64; 448;64;32;MergeType;1
BlockStat;3;  64; 448;64;32;MMVDMergeFlag;0
BlockStat;3;  64; 448;64;32;AffineFlag;1
BlockStat;3;  64; 448;64;32;MVPIdxL0;255
BlockStat;3;  64; 448;64;32;RefIdxL0;0
BlockStat;3;  64; 448;64;32;MVPIdxL1;255
BlockStat;3;  64; 448;64;32;RefIdxL1;0
BlockStat;3;  64; 448;64;32;AffineMVL0; -11;  -1; -11;  -1; -11;  -1
BlockStat;3;  64; 448;64;32;AffineMVL1;  11;   1;  11;   1;  11;   1
BlockStat;3; 128; 384;64;64;Depth;1
BlockStat;3; 128; 384;64;64;QT_Depth;1
BlockStat;3; 128; 384;64;64;BT_Depth;0
BlockStat;3; 128; 384;64;64;MT_Depth;0
BlockStat;3; 128; 384;64;64;ChromaQPAdj;0
BlockStat;3; 128; 384;64;64;QP;46
BlockStat;3; 128; 384;64;64;SplitSeries;1
BlockStat;3; 128; 384;64;64;SkipFlag;1
BlockStat;3; 128; 384;64;64;MMVDSkipFlag;0
BlockStat;3; 128; 384;64;64;PredMode;0
BlockStat;3; 128; 384;64;64;MergeIdx;0
BlockStat;3; 128; 384;64;64;MergeType;1
BlockStat;3; 128; 384;64;64;MMVDMergeFlag;0
BlockStat;3; 128; 384;64;64;AffineFlag;1
BlockStat;3; 128; 384;64;64;MVPIdxL0;255
BlockStat;3; 128; 384;64;64;RefIdxL0;0
BlockStat;3; 128; 384;64;64;MVPIdxL1;255
BlockStat;3; 128; 384;64;64;RefIdxL1;0
BlockStat;3; 128; 384;64;64;AffineMVL0; -10;  -1;  -8;  -1;  -6;  -2
BlockStat;3; 128; 384;64;64;AffineMVL1;  11;   2;   9;   2;   7;   2
BlockStat;3; 192; 384;64;64;Depth;1
BlockStat;3; 192; 384;64;64;QT_Depth;1
BlockStat;3; 192; 384;64;64;BT_Depth;0
BlockStat;3; 192; 384;64;64;MT_Depth;0
BlockStat;3; 192; 384;64;64;ChromaQPAdj;0
BlockStat;3; 192; 384;64;64;QP;46
BlockStat;3; 192; 384;64;64;SplitSeries;1
BlockStat;3; 192; 384;64;64;SkipFlag;1
BlockStat;3; 192; 384;64;64;MMVDSkipFlag;0
BlockStat;3; 192; 384;64;64;PredMode;0
BlockStat;3; 192; 384;64;64;MergeIdx;1
BlockStat;3; 192; 384;64;64;MergeType;0
BlockStat;3; 192; 384;64;64;MMVDMergeFlag;0
BlockStat;3; 192; 384;64;64;AffineFlag;0
BlockStat;3; 192; 384;64;64;MVPIdxL0;255
BlockStat;3; 192; 384;64;64;RefIdxL0;0
BlockStat;3; 192; 384;64;64;MVPIdxL1;255
BlockStat;3; 192; 384;64;64;RefIdxL1;0
BlockStat;3; 192; 384;64;64;MVDL0;   0;   0
BlockStat;3; 192; 384;64;64;MVL0;  -5;   0
BlockStat;3; 192; 384;64;64;MVDL1;   0;   0
BlockStat;3; 192; 384;64;64;MVL1;   5;   0
BlockStat;3; 128; 448;64;32;Depth;2
BlockStat;3; 128; 448;64;32;QT_Depth;1
BlockStat;3; 128; 448;64;32;BT_Depth;1
BlockStat;3; 128; 448;64;32;MT_Depth;1
BlockStat;3; 128; 448;64;32;ChromaQPAdj;0
BlockStat;3; 128; 448;64;32;QP;46
BlockStat;3; 128; 448;64;32;SplitSeries;65
BlockStat;3; 128; 448;64;32;SkipFlag;1
BlockStat;3; 128; 448;64;32;MMVDSkipFlag;0
BlockStat;3; 128; 448;64;32;PredMode;0
BlockStat;3; 128; 448;64;32;MergeIdx;0
BlockStat;3; 128; 448;64;32;MergeType;1
BlockStat;3; 128; 448;64;32;MMVDMergeFlag;0
BlockStat;3; 128; 448;64;32;AffineFlag;1
BlockStat;3; 128; 448;64;32;MVPIdxL0;255
BlockStat;3; 128; 448;64;32;RefIdxL0;0
BlockStat;3; 128; 448;64;32;MVPIdxL1;255
BlockStat;3; 128; 448;64;32;RefIdxL1;0
BlockStat;3; 128; 448;64;32;AffineMVL0;  -8;  -4;  -6;  -2;  -6;   3
BlockStat;3; 128; 448;64;32;AffineMVL1;   9;   4;   7;   2;   7;  -2
BlockStat;3; 192; 448;64;32;Depth;2
BlockStat;3; 192; 448;64;32;QT_Depth;1
BlockStat;3; 192; 448;64;32;BT_Depth;1
BlockStat;3; 192; 448;64;32;MT_Depth;1
BlockStat;3; 192; 448;64;32;ChromaQPAdj;0
BlockStat;3; 192; 448;64;32;QP;46
BlockStat;3; 192; 448;64;32;SplitSeries;65
BlockStat;3; 192; 448;64;32;SkipFlag;1
BlockStat;3; 192; 448;64;32;MMVDSkipFlag;0
BlockStat;3; 192; 448;64;32;PredMode;0
BlockStat;3; 192; 448;64;32;MergeIdx;0
BlockStat;3; 192; 448;64;32;MergeType;1
BlockStat;3; 192; 448;64;32;MMVDMergeFlag;0
BlockStat;3; 192; 448;64;32;AffineFlag;1
BlockStat;3; 192; 448;64;32;MVPIdxL0;255
BlockStat;3; 192; 448;64;32;RefIdxL0;0
BlockStat;3; 192; 448;64;32;MVPIdxL1;255
BlockStat;3; 192; 448;64;32;RefIdxL1;0
BlockStat;3; 192; 448;64;32;AffineMVL0;  -7;  -2;   0;   0;  -7;  -2
BlockStat;3; 192; 448;64;32;AffineMVL1;   0;   0;   0;   0;   0;   0
BlockStat;3; 256; 384;64;64;Depth;1
BlockStat;3; 256; 384;64;64;QT_Depth;1
BlockStat;3; 256; 384;64;64;BT_Depth;0
BlockStat;3; 256; 384;64;64;MT_Depth;0
BlockStat;3; 256; 384;64;64;ChromaQPAdj;0
BlockStat;3; 256; 384;64;64;QP;46
BlockStat;3; 256; 384;64;64;SplitSeries;1
BlockStat;3; 256; 384;64;64;SkipFlag;1
BlockStat;3; 256; 384;64;64;MMVDSkipFlag;0
BlockStat;3; 256; 384;64;64;PredMode;0
BlockStat;3; 256; 384;64;64;MergeIdx;0
BlockStat;3; 256; 384;64;64;MergeType;1
BlockStat;3; 256; 384;64;64;MMVDMergeFlag;0
BlockStat;3; 256; 384;64;64;AffineFlag;1
BlockStat;3; 256; 384;64;64;MVPIdxL1;255
BlockStat;3; 256; 384;64;64;RefIdxL1;0
BlockStat;3; 256; 384;64;64;AffineMVL1;   0;   0;   0;   0;   0;   0
BlockStat;3; 320; 384;32;64;Depth;2
BlockStat;3; 320; 384;32;64;QT_Depth;1
BlockStat;3; 320; 384;32;64;BT_Depth;1
BlockStat;3; 320; 384;32;64;MT_Depth;1
BlockStat;3; 320; 384;32;64;ChromaQPAdj;0
BlockStat;3; 320; 384;32;64;QP;46
BlockStat;3; 320; 384;32;64;SplitSeries;97
BlockStat;3; 320; 384;32;64;SkipFlag;1
BlockStat;3; 320; 384;32;64;MMVDSkipFlag;0
BlockStat;3; 320; 384;32;64;PredMode;0
BlockStat;3; 320; 384;32;64;MergeIdx;2
BlockStat;3; 320; 384;32;64;MergeType;0
BlockStat;3; 320; 384;32;64;MMVDMergeFlag;0
BlockStat;3; 320; 384;32;64;AffineFlag;0
BlockStat;3; 320; 384;32;64;MVPIdxL0;255
BlockStat;3; 320; 384;32;64;RefIdxL0;0
BlockStat;3; 320; 384;32;64;MVPIdxL1;255
BlockStat;3; 320; 384;32;64;RefIdxL1;0
BlockStat;3; 320; 384;32;64;MVDL0;   0;   0
BlockStat;3; 320; 384;32;64;MVL0;   0;   0
BlockStat;3; 320; 384;32;64;MVDL1;   0;   0
BlockStat;3; 320; 384;32;64;MVL1;   0;   0
BlockStat;3; 352; 384;32;64;Depth;2
BlockStat;3; 352; 384;32;64;QT_Depth;1
BlockStat;3; 352; 384;32;64;BT_Depth;1
BlockStat;3; 352; 384;32;64;MT_Depth;1
BlockStat;3; 352; 384;32;64;ChromaQPAdj;0
BlockStat;3; 352; 384;32;64;QP;46
BlockStat;3; 352; 384;32;64;SplitSeries;97
BlockStat;3; 352; 384;32;64;SkipFlag;1
BlockStat;3; 352; 384;32;64;MMVDSkipFlag;0
BlockStat;3; 352; 384;32;64;PredMode;0
BlockStat;3; 352; 384;32;64;MergeIdx;2
BlockStat;3; 352; 384;32;64;MergeType;0
BlockStat;3; 352; 384;32;64;MMVDMergeFlag;0
BlockStat;3; 352; 384;32;64;AffineFlag;0
BlockStat;3; 352; 384;32;64;MVPIdxL0;255
BlockStat;3; 352; 384;32;64;RefIdxL0;0
BlockStat;3; 352; 384;32;64;MVPIdxL1;255
BlockStat;3; 352; 384;32;64;RefIdxL1;0
BlockStat;3; 352; 384;32;64;MVDL0;   0;   0
BlockStat;3; 352; 384;32;64;MVL0; -21;   2
BlockStat;3; 352; 384;32;64;MVDL1;   0;   0
BlockStat;3; 352; 384;32;64;MVL1;  21;   0
BlockStat;3; 256; 448;64;32;Depth;2
BlockStat;3; 256; 448;64;32;QT_Depth;1
BlockStat;3; 256; 448;64;32;BT_Depth;1
BlockStat;3; 256; 448;64;32;MT_Depth;1
BlockStat;3; 256; 448;64;32;ChromaQPAdj;0
BlockStat;3; 256; 448;64;32;QP;46
BlockStat;3; 256; 448;64;32;SplitSeries;65
BlockStat;3; 256; 448;64;32;SkipFlag;1
BlockStat;3; 256; 448;64;32;MMVDSkipFlag;0
BlockStat;3; 256; 448;64;32;PredMode;0
BlockStat;3; 256; 448;64;32;MergeIdx;0
BlockStat;3; 256; 448;64;32;MergeType;1
BlockStat;3; 256; 448;64;32;MMVDMergeFlag;0
BlockStat;3; 256; 448;64;32;AffineFlag;1
BlockStat;3; 256; 448;64;32;MVPIdxL1;255
BlockStat;3; 256; 448;64;32;RefIdxL1;0
BlockStat;3; 256; 448;64;32;AffineMVL1;   0;   0;   2;   0;   0;   0
BlockStat;3; 320; 448;32;32;Depth;2
BlockStat;3; 320; 448;32;32;QT_Depth;2
BlockStat;3; 320; 448;32;32;BT_Depth;0
BlockStat;3; 320; 448;32;32;MT_Depth;0
BlockStat;3; 320; 448;32;32;ChromaQPAdj;0
BlockStat;3; 320; 448;32;32;QP;46
BlockStat;3; 320; 448;32;32;SplitSeries;33
BlockStat;3; 320; 448;32;32;SkipFlag;1
BlockStat;3; 320; 448;32;32;MMVDSkipFlag;0
BlockStat;3; 320; 448;32;32;PredMode;0
BlockStat;3; 320; 448;32;32;MergeIdx;1
BlockStat;3; 320; 448;32;32;MergeType;0
BlockStat;3; 320; 448;32;32;MMVDMergeFlag;0
BlockStat;3; 320; 448;32;32;AffineFlag;0
BlockStat;3; 320; 448;32;32;MVPIdxL0;255
BlockStat;3; 320; 448;32;32;RefIdxL0;0
BlockStat;3; 320; 448;32;32;MVPIdxL1;255
BlockStat;3; 320; 448;32;32;RefIdxL1;0
BlockStat;3; 320; 448;32;32;MVDL0;   0;   0
BlockStat;3; 320; 448;32;32;MVL0;   0;   0
BlockStat;3; 320; 448;32;32;MVDL1;   0;   0
BlockStat;3; 320; 448;32;32;MVL1;   0;   0
BlockStat;3; 352; 448;16;32;Depth;3
BlockStat;3; 352; 448;16;32;QT_Depth;2
BlockStat;3; 352; 448;16;32;BT_Depth;1
BlockStat;3; 352; 448;16;32;MT_Depth;1
BlockStat;3; 352; 448;16;32;ChromaQPAdj;0
BlockStat;3; 352; 448;16;32;QP;46
BlockStat;3; 352; 448;16;32;SplitSeries;3105
BlockStat;3; 352; 448;16;32;SkipFlag;1
BlockStat;3; 352; 448;16;32;MMVDSkipFlag;0
BlockStat;3; 352; 448;16;32;PredMode;0
BlockStat;3; 352; 448;16;32;MergeIdx;1
BlockStat;3; 352; 448;16;32;MergeType;0
BlockStat;3; 352; 448;16;32;MMVDMergeFlag;0
BlockStat;3; 352; 448;16;32;AffineFlag;0
BlockStat;3; 352; 448;16;32;MVPIdxL0;255
BlockStat;3; 352; 448;16;32;RefIdxL0;0
BlockStat;3; 352; 448;16;32;MVPIdxL1;255
BlockStat;3; 352; 448;16;32;RefIdxL1;0
BlockStat;3; 352; 448;16;32;MVDL0;   0;   0
BlockStat;3; 352; 448;16;32;MVL0; -21;   2
BlockStat;3; 352; 448;16;32;MVDL1;   0;   0
BlockStat;3; 352; 448;16;32;MVL1;  21;   0
BlockStat;3; 368; 448;16;32;Depth;3
BlockStat;3; 368; 448;16;32;QT_Depth;2
BlockStat;3; 368; 448;16;32;BT_Depth;1
BlockStat;3; 368; 448;16;32;MT_Depth;1
BlockStat;3; 368; 448;16;32;ChromaQPAdj;0
BlockStat;3; 368; 448;16;32;QP;46
BlockStat;3; 368; 448;16;32;SplitSeries;3105
BlockStat;3; 368; 448;16;32;SkipFlag;1
BlockStat;3; 368; 448;16;32;MMVDSkipFlag;0
BlockStat;3; 368; 448;16;32;PredMode;0
BlockStat;3; 368; 448;16;32;MergeIdx;0
BlockStat;3; 368; 448;16;32;MergeType;1
BlockStat;3; 368; 448;16;32;MMVDMergeFlag;0
BlockStat;3; 368; 448;16;32;AffineFlag;1
BlockStat;3; 368; 448;16;32;MVPIdxL0;255
BlockStat;3; 368; 448;16;32;RefIdxL0;0
BlockStat;3; 368; 448;16;32;AffineMVL0; -31;  -2; -31;  -2;   0;   0
BlockStat;3; 384; 384;64;64;Depth;1
BlockStat;3; 384; 384;64;64;QT_Depth;1
BlockStat;3; 384; 384;64;64;BT_Depth;0
BlockStat;3; 384; 384;64;64;MT_Depth;0
BlockStat;3; 384; 384;64;64;ChromaQPAdj;0
BlockStat;3; 384; 384;64;64;QP;46
BlockStat;3; 384; 384;64;64;SplitSeries;1
BlockStat;3; 384; 384;64;64;SkipFlag;1
BlockStat;3; 384; 384;64;64;MMVDSkipFlag;0
BlockStat;3; 384; 384;64;64;PredMode;0
BlockStat;3; 384; 384;64;64;MergeIdx;0
BlockStat;3; 384; 384;64;64;MergeType;1
BlockStat;3; 384; 384;64;64;MMVDMergeFlag;0
BlockStat;3; 384; 384;64;64;AffineFlag;1
BlockStat;3; 384; 384;64;64;MVPIdxL0;255
BlockStat;3; 384; 384;64;64;RefIdxL0;0
BlockStat;3; 384; 384;64;64;AffineMVL0;   0;   0;   0;   0;   0;   0
BlockStat;3; 448; 384;64;64;Depth;1
BlockStat;3; 448; 384;64;64;QT_Depth;1
BlockStat;3; 448; 384;64;64;BT_Depth;0
BlockStat;3; 448; 384;64;64;MT_Depth;0
BlockStat;3; 448; 384;64;64;ChromaQPAdj;0
BlockStat;3; 448; 384;64;64;QP;46
BlockStat;3; 448; 384;64;64;SplitSeries;1
BlockStat;3; 448; 384;64;64;SkipFlag;1
BlockStat;3; 448; 384;64;64;MMVDSkipFlag;0
BlockStat;3; 448; 384;64;64;PredMode;0
BlockStat;3; 448; 384;64;64;MergeIdx;0
BlockStat;3; 448; 384;64;64;MergeType;1
BlockStat;3; 448; 384;64;64;MMVDMergeFlag;0
BlockStat;3; 448; 384;64;64;AffineFlag;1
BlockStat;3; 448; 384;64;64;MVPIdxL0;255
BlockStat;3; 448; 384;64;64;RefIdxL0;0
BlockStat;3; 448; 384;64;64;MVPIdxL1;255
BlockStat;3; 448; 384;64;64;RefIdxL1;0
BlockStat;3; 448; 384;64;64;AffineMVL0;   0;   0;   0;   0;   0;   0
BlockStat;3; 448; 384;64;64;AffineMVL1;   0;   0;   0;   0;   0;   0
BlockStat;3; 384; 448;64;32;Depth;2
BlockStat;3; 384; 448;64;32;QT_Depth;1
BlockStat;3; 384; 448;64;32;BT_Depth;1
BlockStat;3; 384; 448;64;32;MT_Depth;1
BlockStat;3; 384; 448;64;32;ChromaQPAdj;0
BlockStat;3; 384; 448;64;32;QP;46
BlockStat;3; 384; 448;64;32;SplitSeries;65
BlockStat;3; 384; 448;64;32;SkipFlag;1
BlockStat;3; 384; 448;64;32;MMVDSkipFlag;0
BlockStat;3; 384; 448;64;32;PredMode;0
BlockStat;3; 384; 448;64;32;MergeIdx;0
BlockStat;3; 384; 448;64;32;MergeType;1
BlockStat;3; 384; 448;64;32;MMVDMergeFlag;0
BlockStat;3; 384; 448;64;32;AffineFlag;1
BlockStat;3; 384; 448;64;32;MVPIdxL0;255
BlockStat;3; 384; 448;64;32;RefIdxL0;0
BlockStat;3; 384; 448;64;32;MVPIdxL1;255
BlockStat;3; 384; 448;64;32;RefIdxL1;0
BlockStat;3; 384; 448;64;32;AffineMVL0;   0;   0;   0;   0;   0;   0
BlockStat;3; 384; 448;64;32;AffineMVL1;   0;   0;   0;   0;   0;   0
BlockStat;3; 448; 448;64;32;Depth;2
BlockStat;3; 448; 448;64;32;QT_Depth;1
BlockStat;3; 448; 448;64;32;BT_Depth;1
BlockStat;3; 448; 448;64;32;MT_Depth;1
BlockStat;3; 448; 448;64;32;ChromaQPAdj;0
BlockStat;3; 448; 448;64;32;QP;46
BlockStat;3; 448; 448;64;32;SplitSeries;65
BlockStat;3; 448; 448;64;32;SkipFlag;1
BlockStat;3; 448; 448;64;32;MMVDSkipFlag;0
BlockStat;3; 448; 448;64;32;PredMode;0
BlockStat;3; 448; 448;64;32;MergeIdx;0
BlockStat;3; 448; 448;64;32;MergeType;1
BlockStat;3; 448; 448;64;32;MMVDMergeFlag;0
BlockStat;3; 448; 448;64;32;AffineFlag;1
BlockStat;3; 448; 448;64;32;MVPIdxL0;255
BlockStat;3; 448; 448;64;32;RefIdxL0;0
BlockStat;3; 448; 448;64;32;MVPIdxL1;255
BlockStat;3; 448; 448;64;32;RefIdxL1;0
BlockStat;3; 448; 448;64;32;AffineMVL0;   0;   0;   0;   0;   0;   0
BlockStat;3; 448; 448;64;32;AffineMVL1;   0;   0;   0;   0;   0;   0
BlockStat;3; 512; 384;64;64;Depth;1
BlockStat;3; 512; 384;64;64;QT_Depth;1
BlockStat;3; 512; 384;64;64;BT_Depth;0
BlockStat;3; 512; 384;64;64;MT_Depth;0
BlockStat;3; 512; 384;64;64;ChromaQPAdj;0
BlockStat;3; 512; 384;64;64;QP;46
BlockStat;3; 512; 384;64;64;SplitSeries;1
BlockStat;3; 512; 384;64;64;SkipFlag;1
BlockStat;3; 512; 384;64;64;MMVDSkipFlag;0
BlockStat;3; 512; 384;64;64;PredMode;0
BlockStat;3; 512; 384;64;64;MergeIdx;0
BlockStat;3; 512; 384;64;64;MergeType;1
BlockStat;3; 512; 384;64;64;MMVDMergeFlag;0
BlockStat;3; 512; 384;64;64;AffineFlag;1
BlockStat;3; 512; 384;64;64;MVPIdxL0;255
BlockStat;3; 512; 384;64;64;RefIdxL0;0
BlockStat;3; 512; 384;64;64;MVPIdxL1;255
BlockStat;3; 512; 384;64;64;RefIdxL1;0
BlockStat;3; 512; 384;64;64;AffineMVL0;   0;   0;   0;   0;  -1;   0
BlockStat;3; 512; 384;64;64;AffineMVL1;   0;   0;   0;   0;   1;   0
BlockStat;3; 576; 384;64;64;Depth;1
BlockStat;3; 576; 384;64;64;QT_Depth;1
BlockStat;3; 576; 384;64;64;BT_Depth;0
BlockStat;3; 576; 384;64;64;MT_Depth;0
BlockStat;3; 576; 384;64;64;ChromaQPAdj;0
BlockStat;3; 576; 384;64;64;QP;46
BlockStat;3; 576; 384;64;64;SplitSeries;1
BlockStat;3; 576; 384;64;64;SkipFlag;1
BlockStat;3; 576; 384;64;64;MMVDSkipFlag;0
BlockStat;3; 576; 384;64;64;PredMode;0
BlockStat;3; 576; 384;64;64;MergeIdx;0
BlockStat;3; 576; 384;64;64;MergeType;1
BlockStat;3; 576; 384;64;64;MMVDMergeFlag;0
BlockStat;3; 576; 384;64;64;AffineFlag;1
BlockStat;3; 576; 384;64;64;MVPIdxL0;255
BlockStat;3; 576; 384;64;64;RefIdxL0;0
BlockStat;3; 576; 384;64;64;MVPIdxL1;255
BlockStat;3; 576; 384;64;64;RefIdxL1;0
BlockStat;3; 576; 384;64;64;AffineMVL0;   0;   0;   0;   0;   0;   0
BlockStat;3; 576; 384;64;64;AffineMVL1;   0;   0;   0;   0;   0;   0
BlockStat;3; 512; 448;64;32;Depth;2
BlockStat;3; 512; 448;64;32;QT_Depth;1
BlockStat;3; 512; 448;64;32;BT_Depth;1
BlockStat;3; 512; 448;64;32;MT_Depth;1
BlockStat;3; 512; 448;64;32;ChromaQPAdj;0
BlockStat;3; 512; 448;64;32;QP;46
BlockStat;3; 512; 448;64;32;SplitSeries;65
BlockStat;3; 512; 448;64;32;SkipFlag;1
BlockStat;3; 512; 448;64;32;MMVDSkipFlag;0
BlockStat;3; 512; 448;64;32;PredMode;0
BlockStat;3; 512; 448;64;32;MergeIdx;0
BlockStat;3; 512; 448;64;32;MergeType;1
BlockStat;3; 512; 448;64;32;MMVDMergeFlag;0
BlockStat;3; 512; 448;64;32;AffineFlag;1
BlockStat;3; 512; 448;64;32;MVPIdxL0;255
BlockStat;3; 512; 448;64;32;RefIdxL0;0
BlockStat;3; 512; 448;64;32;MVPIdxL1;255
BlockStat;3; 512; 448;64;32;RefIdxL1;0
BlockStat;3; 512; 448;64;32;AffineMVL0;   0;   0;   0;   0;   0;   0
BlockStat;3; 512; 448;64;32;AffineMVL1;   0;   0;   0;   0;   0;   0
BlockStat;3; 576; 448;64;32;Depth;2
BlockStat;3; 576; 448;64;32;QT_Depth;1
BlockStat;3; 576; 448;64;32;BT_Depth;1
BlockStat;3; 576; 448;64;32;MT_Depth;1
BlockStat;3; 576; 448;64;32;ChromaQPAdj;0
BlockStat;3; 576; 448;64;32;QP;46
BlockStat;3; 576; 448;64;32;SplitSeries;65
BlockStat;3; 576; 448;64;32;SkipFlag;1
BlockStat;3; 576; 448;64;32;MMVDSkipFlag;0
BlockStat;3; 576; 448;64;32;PredMode;0
BlockStat;3; 576; 448;64;32;MergeIdx;0
BlockStat;3; 576; 448;64;32;MergeType;1
BlockStat;3; 576; 448;64;32;MMVDMergeFlag;0
BlockStat;3; 576; 448;64;32;AffineFlag;1
BlockStat;3; 576; 448;64;32;MVPIdxL0;255
BlockStat;3; 576; 448;64;32;RefIdxL0;0
BlockStat;3; 576; 448;64;32;MVPIdxL1;255
BlockStat;3; 576; 448;64;32;RefIdxL1;0
BlockStat;3; 576; 448;64;32;AffineMVL0;   0;   0;   0;   0;   0;   0
BlockStat;3; 576; 448;64;32;AffineMVL1;   0;   0;   0;   0;   0;   0
BlockStat;3; 640; 384;64;64;Depth;1
BlockStat;3; 640; 384;64;64;QT_Depth;1
BlockStat;3; 640; 384;64;64;BT_Depth;0
BlockStat;3; 640; 384;64;64;MT_Depth;0
BlockStat;3; 640; 384;64;64;ChromaQPAdj;0
BlockStat;3; 640; 384;64;64;QP;46
BlockStat;3; 640; 384;64;64;SplitSeries;1
BlockStat;3; 640; 384;64;64;SkipFlag;1
BlockStat;3; 640; 384;64;64;MMVDSkipFlag;0
BlockStat;3; 640; 384;64;64;PredMode;0
BlockStat;3; 640; 384;64;64;MergeIdx;0
BlockStat;3; 640; 384;64;64;MergeType;1
BlockStat;3; 640; 384;64;64;MMVDMergeFlag;0
BlockStat;3; 640; 384;64;64;AffineFlag;1
BlockStat;3; 640; 384;64;64;MVPIdxL0;255
BlockStat;3; 640; 384;64;64;RefIdxL0;0
BlockStat;3; 640; 384;64;64;MVPIdxL1;255
BlockStat;3; 640; 384;64;64;RefIdxL1;0
BlockStat;3; 640; 384;64;64;AffineMVL0;   0;   0;   0;   0;   0;   0
BlockStat;3; 640; 384;64;64;AffineMVL1;   0;   0;   0;   0;   0;   0
BlockStat;3; 704; 384;64;64;Depth;1
BlockStat;3; 704; 384;64;64;QT_Depth;1
BlockStat;3; 704; 384;64;64;BT_Depth;0
BlockStat;3; 704; 384;64;64;MT_Depth;0
BlockStat;3; 704; 384;64;64;ChromaQPAdj;0
BlockStat;3; 704; 384;64;64;QP;46
BlockStat;3; 704; 384;64;64;SplitSeries;1
BlockStat;3; 704; 384;64;64;SkipFlag;1
BlockStat;3; 704; 384;64;64;MMVDSkipFlag;0
BlockStat;3; 704; 384;64;64;PredMode;0
BlockStat;3; 704; 384;64;64;MergeIdx;0
BlockStat;3; 704; 384;64;64;MergeType;1
BlockStat;3; 704; 384;64;64;MMVDMergeFlag;0
BlockStat;3; 704; 384;64;64;AffineFlag;1
BlockStat;3; 704; 384;64;64;MVPIdxL0;255
BlockStat;3; 704; 384;64;64;RefIdxL0;0
BlockStat;3; 704; 384;64;64;MVPIdxL1;255
BlockStat;3; 704; 384;64;64;RefIdxL1;0
BlockStat;3; 704; 384;64;64;AffineMVL0;   0;   0;   0;   0;   0;   1
BlockStat;3; 704; 384;64;64;AffineMVL1;   0;   0;   0;   0;   0;  -1
BlockStat;3; 640; 448;64;32;Depth;2
BlockStat;3; 640; 448;64;32;QT_Depth;1
BlockStat;3; 640; 448;64;32;BT_Depth;1
BlockStat;3; 640; 448;64;32;MT_Depth;1
BlockStat;3; 640; 448;64;32;ChromaQPAdj;0
BlockStat;3; 640; 448;64;32;QP;46
BlockStat;3; 640; 448;64;32;SplitSeries;65
BlockStat;3; 640; 448;64;32;SkipFlag;1
BlockStat;3; 640; 448;64;32;MMVDSkipFlag;0
BlockStat;3; 640; 448;64;32;PredMode;0
BlockStat;3; 640; 448;64;32;MergeIdx;0
BlockStat;3; 640; 448;64;32;MergeType;1
BlockStat;3; 640; 448;64;32;MMVDMergeFlag;0
BlockStat;3; 640; 448;64;32;AffineFlag;1
BlockStat;3; 640; 448;64;32;MVPIdxL0;255
BlockStat;3; 640; 448;64;32;RefIdxL0;0
BlockStat;3; 640; 448;64;32;MVPIdxL1;255
BlockStat;3; 640; 448;64;32;RefIdxL1;0
BlockStat;3; 640; 448;64;32;AffineMVL0;   0;   0;   0;   0;  -1;   0
BlockStat;3; 640; 448;64;32;AffineMVL1;   0;   0;   0;   0;   1;   0
BlockStat;3; 704; 448;64;32;Depth;2
BlockStat;3; 704; 448;64;32;QT_Depth;1
BlockStat;3; 704; 448;64;32;BT_Depth;1
BlockStat;3; 704; 448;64;32;MT_Depth;1
BlockStat;3; 704; 448;64;32;ChromaQPAdj;0
BlockStat;3; 704; 448;64;32;QP;46
BlockStat;3; 704; 448;64;32;SplitSeries;65
BlockStat;3; 704; 448;64;32;SkipFlag;1
BlockStat;3; 704; 448;64;32;MMVDSkipFlag;0
BlockStat;3; 704; 448;64;32;PredMode;0
BlockStat;3; 704; 448;64;32;MergeIdx;0
BlockStat;3; 704; 448;64;32;MergeType;1
BlockStat;3; 704; 448;64;32;MMVDMergeFlag;0
BlockStat;3; 704; 448;64;32;AffineFlag;1
BlockStat;3; 704; 448;64;32;MVPIdxL0;255
BlockStat;3; 704; 448;64;32;RefIdxL0;0
BlockStat;3; 704; 448;64;32;MVPIdxL1;255
BlockStat;3; 704; 448;64;32;RefIdxL1;0
BlockStat;3; 704; 448;64;32;AffineMVL0;   0;   1;   0;   0;   0;   1
BlockStat;3; 704; 448;64;32;AffineMVL1;   0;  -1;   0;   0;   0;  -1
BlockStat;3; 768; 384;64;64;Depth;1
BlockStat;3; 768; 384;64;64;QT_Depth;1
BlockStat;3; 768; 384;64;64;BT_Depth;0
BlockStat;3; 768; 384;64;64;MT_Depth;0
BlockStat;3; 768; 384;64;64;ChromaQPAdj;0
BlockStat;3; 768; 384;64;64;QP;46
BlockStat;3; 768; 384;64;64;SplitSeries;1
BlockStat;3; 768; 384;64;64;SkipFlag;1
BlockStat;3; 768; 384;64;64;MMVDSkipFlag;0
BlockStat;3; 768; 384;64;64;PredMode;0
BlockStat;3; 768; 384;64;64;MergeIdx;0
BlockStat;3; 768; 384;64;64;MergeType;1
BlockStat;3; 768; 384;64;64;MMVDMergeFlag;0
BlockStat;3; 768; 384;64;64;AffineFlag;1
BlockStat;3; 768; 384;64;64;MVPIdxL0;255
BlockStat;3; 768; 384;64;64;RefIdxL0;0
BlockStat;3; 768; 384;64;64;AffineMVL0;   0;   0;   0;   0;   0;   0
BlockStat;3; 768; 448;64;32;Depth;2
BlockStat;3; 768; 448;64;32;QT_Depth;1
BlockStat;3; 768; 448;64;32;BT_Depth;1
BlockStat;3; 768; 448;64;32;MT_Depth;1
BlockStat;3; 768; 448;64;32;ChromaQPAdj;0
BlockStat;3; 768; 448;64;32;QP;46
BlockStat;3; 768; 448;64;32;SplitSeries;65
BlockStat;3; 768; 448;64;32;SkipFlag;1
BlockStat;3; 768; 448;64;32;MMVDSkipFlag;0
BlockStat;3; 768; 448;64;32;PredMode;0
BlockStat;3; 768; 448;64;32;MergeIdx;0
BlockStat;3; 768; 448;64;32;MergeType;1
BlockStat;3; 768; 448;64;32;MMVDMergeFlag;0
BlockStat;3; 768; 448;64;32;AffineFlag;1
BlockStat;3; 768; 448;64;32;MVPIdxL0;255
BlockStat;3; 768; 448;64;32;RefIdxL0;0
BlockStat;3; 768; 448;64;32;MVPIdxL1;255
BlockStat;3; 768; 448;64;32;RefIdxL1;0
BlockStat;3; 768; 448;64;32;AffineMVL0;   0;   0;   0;   0;   0;   0
BlockStat;3; 768; 448;64;32;AffineMVL1;   0;   0;   0;   0;   0;   0
# VTMBMS Block Statistics
# Sequence size: [832x 480]
# Block Statistic Type: PredMode; Integer; [0, 4]
# Block Statistic Type: Depth; Integer; [0, 7]
# Block Statistic Type: QT_Depth; Integer; [0, 7]
# Block Statistic Type: BT_Depth; Integer; [0, 7]
# Block Statistic Type: MT_Depth; Integer; [0, 7]
# Block Statistic Type: ChromaQPAdj; Integer; [-10, 10]
# Block Statistic Type: QP; Integer; [0, 51]
# Block Statistic Type: SplitSeries; Integer; [0, 18446744073709551615]
# Block Statistic Type: TransQuantBypassFlag; Flag; 
# Block Statistic Type: TransformSkipFlag_Y; Integer; 
# Block Statistic Type: BDPCM; Flag; 
# Block Statistic Type: TileIdx; Integer; 
# Block Statistic Type: IndependentSliceIdx; Integer; 
# Block Statistic Type: LFNSTIdx; Integer; [0, 3]
# Block Statistic Type: JointCbCr; Flag; 
# Block Statistic Type: CompAlphaCb; Integer; 
# Block Statistic Type: CompAlphaCr; Integer; 
# Block Statistic Type: RDPCM_Y; Integer; [0, 3]
# Block Statistic Type: RDPCM_Cb; Integer; [0, 3]
# Block Statistic Type: RDPCM_Cr; Integer; [0, 3]
# Block Statistic Type: Luma_IntraMode; Integer; [0, 70]
# Block Statistic Type: Chroma_IntraMode; Integer; [0, 70]
# Block Statistic Type: MultiRefIdx; Integer; [0, 1]
# Block Statistic Type: MIPFlag; Flag; 
# Block Statistic Type: ISPMode; Integer; [0, 3]
# Block Statistic Type: SkipFlag; Flag; 
# Block Statistic Type: RootCbf; Flag; 
# Block Statistic Type: SbtIdx; Integer; [0, 5]
# Block Statistic Type: SbtPos; Integer; [0, 2]
# Block Statistic Type: Cbf_Y; Flag; 
# Block Statistic Type: Cbf_Cb; Flag; 
# Block Statistic Type: Cbf_Cr; Flag; 
# Block Statistic Type: IMVMode; Integer; [0, 2]
# Block Statistic Type: InterDir; Integer; [1, 3]
# Block Statistic Type: MergeFlag; Flag; 
# Block Statistic Type: RegularMergeFlag; Flag; 
# Block Statistic Type: MergeIdx; Integer; [0, 7]
# Block Statistic Type: MergeType; Integer; [0, 2]
# Block Statistic Type: MVPIdxL0; Integer; [0, 1]
# Block Statistic Type: MVPIdxL1; Integer; [0, 1]
# Block Statistic Type: MVL0; Vector; Scale: 4
# Block Statistic Type: MVL1; Vector; Scale: 4
# Block Statistic Type: MVDL0; Vector; Scale: 4
# Block Statistic Type: MVDL1; Vector; Scale: 4
# Block Statistic Type: MotionBufL0; Vector; Scale: 16
# Block Statistic Type: MotionBufL1; Vector; Scale: 16
# Block Statistic Type: RefIdxL0; Integer; [0, 4]
# Block Statistic Type: RefIdxL1; Integer; [0, 4]
# Block Statistic Type: AffineFlag; Flag; 
# Block Statistic Type: AffineMVL0; AffineTFVectors; Scale: 4
# Block Statistic Type: AffineMVL1; AffineTFVectors; Scale: 4
# Block Statistic Type: AffineType; Flag; 
# Block Statistic Type: MMVDSkipFlag; Flag; 
# Block Statistic Type: MMVDMergeFlag; Flag; 
# Block Statistic Type: MMVDMergeIdx; Integer; [0, 1]
# Block Statistic Type: MHIntraFlag; Flag; 
# Block Statistic Type: SMVDFlag; Flag; 
# Block Statistic Type: TrianglePartitioning; Line; 
# Block Statistic Type: TriangleMVL0; VectorPolygon; Scale: 4
# Block Statistic Type: TriangleMVL1; VectorPolygon; Scale: 4
# Block Statistic Type: GBIIndex; Integer; [0, 4]
# Block Statistic Type: Depth_Chroma; Integer; [0, 10]
# Block Statistic Type: QT_Depth_Chroma; Integer; [0, 10]
# Block Statistic Type: BT_Depth_Chroma; Integer; [0, 10]
# Block Statistic Type: MT_Depth_Chroma; Integer; [0, 10]
# Block Statistic Type: ChromaQPAdj_Chroma; Integer; [-10, 10]
# Block Statistic Type: QP_Chroma; Integer; [0, 51]
# Block Statistic Type: SplitSeries_Chroma; Integer; [0, 18446744073709551615]
# Block Statistic Type: TransQuantBypassFlag_Chroma; Flag; 
