BlockStat;2;   0;   0;128;128;Depth;0
BlockStat;2;   0;   0;128;128;QT_Depth;0
BlockStat;2;   0;   0;128;128;BT_Depth;0
BlockStat;2;   0;   0;128;128;MT_Depth;0
BlockStat;2;   0;   0;128;128;ChromaQPAdj;0
BlockStat;2;   0;   0;128;128;QP;40
BlockStat;2;   0;   0;128;128;SplitSeries;0
BlockStat;2;   0;   0;128;128;SkipFlag;1
BlockStat;2;   0;   0;128;128;MMVDSkipFlag;0
BlockStat;2;   0;   0;128;128;PredMode;0
BlockStat;2;   0;   0;128;128;MergeIdx;2
BlockStat;2;   0;   0;128;128;MergeType;0
BlockStat;2;   0;   0;128;128;MMVDMergeFlag;0
BlockStat;2;   0;   0;128;128;AffineFlag;0
BlockStat;2;   0;   0;128;128;MVPIdxL0;255
BlockStat;2;   0;   0;128;128;RefIdxL0;0
BlockStat: POC 2 @(   0,   0) [128x128] TrianglePartitioning={   0, 128, 128,   0}
BlockStat: POC 2 @[(0, 0)--(128, 0)--(0, 128)--] TriangleMVL0={   0,   0}
BlockStat: POC 2 @[(128, 0)--(0, 128)--(128, 128)--] TriangleMVL0={   0,   0}
BlockStat;2; 128;   0;128;128;Depth;0
BlockStat;2; 128;   0;128;128;QT_Depth;0
BlockStat;2; 128;   0;128;128;BT_Depth;0
BlockStat;2; 128;   0;128;128;MT_Depth;0
BlockStat;2; 128;   0;128;128;ChromaQPAdj;0
BlockStat;2; 128;   0;128;128;QP;40
BlockStat;2; 128;   0;128;128;SplitSeries;0
BlockStat;2; 128;   0;128;128;SkipFlag;1
BlockStat;2; 128;   0;128;128;MMVDSkipFlag;0
BlockStat;2; 128;   0;128;128;PredMode;0
BlockStat;2; 128;   0;128;128;MergeIdx;0
BlockStat;2; 128;   0;128;128;MergeType;0
BlockStat;2; 128;   0;128;128;MMVDMergeFlag;0
BlockStat;2; 128;   0;128;128;AffineFlag;0
BlockStat;2; 128;   0;128;128;MVPIdxL0;255
BlockStat;2; 128;   0;128;128;RefIdxL0;0
BlockStat;2; 128;   0;128;128;MVDL0;   0;   0
BlockStat;2; 128;   0;128;128;MVL0;   0;   0
BlockStat;2; 256;   0;128;128;Depth;0
BlockStat;2; 256;   0;128;128;QT_Depth;0
BlockStat;2; 256;   0;128;128;BT_Depth;0
BlockStat;2; 256;   0;128;128;MT_Depth;0
BlockStat;2; 256;   0;128;128;ChromaQPAdj;0
BlockStat;2; 256;   0;128;128;QP;40
BlockStat;2; 256;   0;128;128;SplitSeries;0
BlockStat;2; 256;   0;128;128;SkipFlag;1
BlockStat;2; 256;   0;128;128;MMVDSkipFlag;0
BlockStat;2; 256;   0;128;128;PredMode;0
BlockStat;2; 256;   0;128;128;MergeIdx;0
BlockStat;2; 256;   0;128;128;MergeType;0
BlockStat;2; 256;   0;128;128;MMVDMergeFlag;0
BlockStat;2; 256;   0;128;128;AffineFlag;0
BlockStat;2; 256;   0;128;128;MVPIdxL0;255
BlockStat;2; 256;   0;128;128;RefIdxL0;0
BlockStat;2; 256;   0;128;128;MVDL0;   0;   0
BlockStat;2; 256;   0;128;128;MVL0;   0;   0
BlockStat;2; 384;   0;128;128;Depth;0
BlockStat;2; 384;   0;128;128;QT_Depth;0
BlockStat;2; 384;   0;128;128;BT_Depth;0
BlockStat;2; 384;   0;128;128;MT_Depth;0
BlockStat;2; 384;   0;128;128;ChromaQPAdj;0
BlockStat;2; 384;   0;128;128;QP;40
BlockStat;2; 384;   0;128;128;SplitSeries;0
BlockStat;2; 384;   0;128;128;SkipFlag;1
BlockStat;2; 384;   0;128;128;MMVDSkipFlag;0
BlockStat;2; 384;   0;128;128;PredMode;0
BlockStat;2; 384;   0;128;128;MergeIdx;0
BlockStat;2; 384;   0;128;128;MergeType;0
BlockStat;2; 384;   0;128;128;MMVDMergeFlag;0
BlockStat;2; 384;   0;128;128;AffineFlag;0
BlockStat;2; 384;   0;128;128;MVPIdxL0;255
BlockStat;2; 384;   0;128;128;RefIdxL0;0
BlockStat;2; 384;   0;128;128;MVDL0;   0;   0
BlockStat;2; 384;   0;128;128;MVL0;   0;   0
BlockStat;2; 512;   0;128;128;Depth;0
BlockStat;2; 512;   0;128;128;QT_Depth;0
BlockStat;2; 512;   0;128;128;BT_Depth;0
BlockStat;2; 512;   0;128;128;MT_Depth;0
BlockStat;2; 512;   0;128;128;ChromaQPAdj;0
BlockStat;2; 512;   0;128;128;QP;40
BlockStat;2; 512;   0;128;128;SplitSeries;0
BlockStat;2; 512;   0;128;128;SkipFlag;1
BlockStat;2; 512;   0;128;128;MMVDSkipFlag;0
BlockStat;2; 512;   0;128;128;PredMode;0
BlockStat;2; 512;   0;128;128;MergeIdx;0
BlockStat;2; 512;   0;128;128;MergeType;0
BlockStat;2; 512;   0;128;128;MMVDMergeFlag;0
BlockStat;2; 512;   0;128;128;AffineFlag;0
BlockStat;2; 512;   0;128;128;MVPIdxL0;255
BlockStat;2; 512;   0;128;128;RefIdxL0;0
BlockStat;2; 512;   0;128;128;MVDL0;   0;   0
BlockStat;2; 512;   0;128;128;MVL0;   0;   0
BlockStat;2; 640;   0;128;128;Depth;0
BlockStat;2; 640;   0;128;128;QT_Depth;0
BlockStat;2; 640;   0;128;128;BT_Depth;0
BlockStat;2; 640;   0;128;128;MT_Depth;0
BlockStat;2; 640;   0;128;128;ChromaQPAdj;0
BlockStat;2; 640;   0;128;128;QP;40
BlockStat;2; 640;   0;128;128;SplitSeries;0
BlockStat;2; 640;   0;128;128;SkipFlag;1
BlockStat;2; 640;   0;128;128;MMVDSkipFlag;0
BlockStat;2; 640;   0;128;128;PredMode;0
BlockStat;2; 640;   0;128;128;MergeIdx;0
BlockStat;2; 640;   0;128;128;MergeType;0
BlockStat;2; 640;   0;128;128;MMVDMergeFlag;0
BlockStat;2; 640;   0;128;128;AffineFlag;0
BlockStat;2; 640;   0;128;128;MVPIdxL0;255
BlockStat;2; 640;   0;128;128;RefIdxL0;0
BlockStat;2; 640;   0;128;128;MVDL0;   0;   0
BlockStat;2; 640;   0;128;128;MVL0;   0;   0
BlockStat;2; 768;   0;64;64;Depth;1
BlockStat;2; 768;   0;64;64;QT_Depth;1
BlockStat;2; 768;   0;64;64;BT_Depth;0
BlockStat;2; 768;   0;64;64;MT_Depth;0
BlockStat;2; 768;   0;64;64;ChromaQPAdj;0
BlockStat;2; 768;   0;64;64;QP;40
BlockStat;2; 768;   0;64;64;SplitSeries;1
BlockStat;2; 768;   0;64;64;SkipFlag;1
BlockStat;2; 768;   0;64;64;MMVDSkipFlag;0
BlockStat;2; 768;   0;64;64;PredMode;0
BlockStat;2; 768;   0;64;64;MergeIdx;0
BlockStat;2; 768;   0;64;64;MergeType;0
BlockStat;2; 768;   0;64;64;MMVDMergeFlag;0
BlockStat;2; 768;   0;64;64;AffineFlag;0
BlockStat;2; 768;   0;64;64;MVPIdxL0;255
BlockStat;2; 768;   0;64;64;RefIdxL0;0
BlockStat;2; 768;   0;64;64;MVDL0;   0;   0
BlockStat;2; 768;   0;64;64;MVL0;   0;   0
BlockStat;2; 768;  64;64;64;Depth;1
BlockStat;2; 768;  64;64;64;QT_Depth;1
BlockStat;2; 768;  64;64;64;BT_Depth;0
BlockStat;2; 768;  64;64;64;MT_Depth;0
BlockStat;2; 768;  64;64;64;ChromaQPAdj;0
BlockStat;2; 768;  64;64;64;QP;40
BlockStat;2; 768;  64;64;64;SplitSeries;1
BlockStat;2; 768;  64;64;64;SkipFlag;1
BlockStat;2; 768;  64;64;64;MMVDSkipFlag;0
BlockStat;2; 768;  64;64;64;PredMode;0
BlockStat;2; 768;  64;64;64;MergeIdx;0
BlockStat;2; 768;  64;64;64;MergeType;0
BlockStat;2; 768;  64;64;64;MMVDMergeFlag;0
BlockStat;2; 768;  64;64;64;AffineFlag;0
BlockStat;2; 768;  64;64;64;MVPIdxL0;255
BlockStat;2; 768;  64;64;64;RefIdxL0;0
BlockStat;2; 768;  64;64;64;MVDL0;   0;   0
BlockStat;2; 768;  64;64;64;MVL0;   0;   0
BlockStat;2;   0; 128;128;128;Depth;0
BlockStat;2;   0; 128;128;128;QT_Depth;0
BlockStat;2;   0; 128;128;128;BT_Depth;0
BlockStat;2;   0; 128;128;128;MT_Depth;0
BlockStat;2;   0; 128;128;128;ChromaQPAdj;0
BlockStat;2;   0; 128;128;128;QP;40
BlockStat;2;   0; 128;128;128;SplitSeries;0
BlockStat;2;   0; 128;128;128;SkipFlag;1
BlockStat;2;   0; 128;128;128;MMVDSkipFlag;0
BlockStat;2;   0; 128;128;128;PredMode;0
BlockStat;2;   0; 128;128;128;MergeIdx;0
BlockStat;2;   0; 128;128;128;MergeType;0
BlockStat;2;   0; 128;128;128;MMVDMergeFlag;0
BlockStat;2;   0; 128;128;128;AffineFlag;0
BlockStat;2;   0; 128;128;128;MVPIdxL0;255
BlockStat;2;   0; 128;128;128;RefIdxL0;0
BlockStat;2;   0; 128;128;128;MVDL0;   0;   0
BlockStat;2;   0; 128;128;128;MVL0;   0;   0
BlockStat;2; 128; 128;128;128;Depth;0
BlockStat;2; 128; 128;128;128;QT_Depth;0
BlockStat;2; 128; 128;128;128;BT_Depth;0
BlockStat;2; 128; 128;128;128;MT_Depth;0
BlockStat;2; 128; 128;128;128;ChromaQPAdj;0
BlockStat;2; 128; 128;128;128;QP;40
BlockStat;2; 128; 128;128;128;SplitSeries;0
BlockStat;2; 128; 128;128;128;SkipFlag;1
BlockStat;2; 128; 128;128;128;MMVDSkipFlag;0
BlockStat;2; 128; 128;128;128;PredMode;0
BlockStat;2; 128; 128;128;128;MergeIdx;0
BlockStat;2; 128; 128;128;128;MergeType;0
BlockStat;2; 128; 128;128;128;MMVDMergeFlag;0
BlockStat;2; 128; 128;128;128;AffineFlag;0
BlockStat;2; 128; 128;128;128;MVPIdxL0;255
BlockStat;2; 128; 128;128;128;RefIdxL0;0
BlockStat;2; 128; 128;128;128;MVDL0;   0;   0
BlockStat;2; 128; 128;128;128;MVL0;   0;   0
BlockStat;2; 256; 128;128;128;Depth;0
BlockStat;2; 256; 128;128;128;QT_Depth;0
BlockStat;2; 256; 128;128;128;BT_Depth;0
BlockStat;2; 256; 128;128;128;MT_Depth;0
BlockStat;2; 256; 128;128;128;ChromaQPAdj;0
BlockStat;2; 256; 128;128;128;QP;40
BlockStat;2; 256; 128;128;128;SplitSeries;0
BlockStat;2; 256; 128;128;128;SkipFlag;1
BlockStat;2; 256; 128;128;128;MMVDSkipFlag;0
BlockStat;2; 256; 128;128;128;PredMode;0
BlockStat;2; 256; 128;128;128;MergeIdx;0
BlockStat;2; 256; 128;128;128;MergeType;0
BlockStat;2; 256; 128;128;128;MMVDMergeFlag;0
BlockStat;2; 256; 128;128;128;AffineFlag;0
BlockStat;2; 256; 128;128;128;MVPIdxL0;255
BlockStat;2; 256; 128;128;128;RefIdxL0;0
BlockStat;2; 256; 128;128;128;MVDL0;   0;   0
BlockStat;2; 256; 128;128;128;MVL0;   0;   0
BlockStat;2; 384; 128;128;128;Depth;0
BlockStat;2; 384; 128;128;128;QT_Depth;0
BlockStat;2; 384; 128;128;128;BT_Depth;0
BlockStat;2; 384; 128;128;128;MT_Depth;0
BlockStat;2; 384; 128;128;128;ChromaQPAdj;0
BlockStat;2; 384; 128;128;128;QP;40
BlockStat;2; 384; 128;128;128;SplitSeries;0
BlockStat;2; 384; 128;128;128;SkipFlag;1
BlockStat;2; 384; 128;128;128;MMVDSkipFlag;0
BlockStat;2; 384; 128;128;128;PredMode;0
BlockStat;2; 384; 128;128;128;MergeIdx;0
BlockStat;2; 384; 128;128;128;MergeType;0
BlockStat;2; 384; 128;128;128;MMVDMergeFlag;0
BlockStat;2; 384; 128;128;128;AffineFlag;0
BlockStat;2; 384; 128;128;128;MVPIdxL0;255
BlockStat;2; 384; 128;128;128;RefIdxL0;0
BlockStat;2; 384; 128;128;128;MVDL0;   0;   0
BlockStat;2; 384; 128;128;128;MVL0;   0;   0
BlockStat;2; 512; 128;128;128;Depth;0
BlockStat;2; 512; 128;128;128;QT_Depth;0
BlockStat;2; 512; 128;128;128;BT_Depth;0
BlockStat;2; 512; 128;128;128;MT_Depth;0
BlockStat;2; 512; 128;128;128;ChromaQPAdj;0
BlockStat;2; 512; 128;128;128;QP;40
BlockStat;2; 512; 128;128;128;SplitSeries;0
BlockStat;2; 512; 128;128;128;SkipFlag;1
BlockStat;2; 512; 128;128;128;MMVDSkipFlag;0
BlockStat;2; 512; 128;128;128;PredMode;0
BlockStat;2; 512; 128;128;128;MergeIdx;0
BlockStat;2; 512; 128;128;128;MergeType;0
BlockStat;2; 512; 128;128;128;MMVDMergeFlag;0
BlockStat;2; 512; 128;128;128;AffineFlag;0
BlockStat;2; 512; 128;128;128;MVPIdxL0;255
BlockStat;2; 512; 128;128;128;RefIdxL0;0
BlockStat;2; 512; 128;128;128;MVDL0;   0;   0
BlockStat;2; 512; 128;128;128;MVL0;   0;   0
BlockStat;2; 640; 128;128;128;Depth;0
BlockStat;2; 640; 128;128;128;QT_Depth;0
BlockStat;2; 640; 128;128;128;BT_Depth;0
BlockStat;2; 640; 128;128;128;MT_Depth;0
BlockStat;2; 640; 128;128;128;ChromaQPAdj;0
BlockStat;2; 640; 128;128;128;QP;40
BlockStat;2; 640; 128;128;128;SplitSeries;0
BlockStat;2; 640; 128;128;128;SkipFlag;1
BlockStat;2; 640; 128;128;128;MMVDSkipFlag;0
BlockStat;2; 640; 128;128;128;PredMode;0
BlockStat;2; 640; 128;128;128;MergeIdx;0
BlockStat;2; 640; 128;128;128;MergeType;0
BlockStat;2; 640; 128;128;128;MMVDMergeFlag;0
BlockStat;2; 640; 128;128;128;AffineFlag;0
BlockStat;2; 640; 128;128;128;MVPIdxL0;255
BlockStat;2; 640; 128;128;128;RefIdxL0;0
BlockStat;2; 640; 128;128;128;MVDL0;   0;   0
BlockStat;2; 640; 128;128;128;MVL0;   0;   0
BlockStat;2; 768; 128;64;64;Depth;1
BlockStat;2; 768; 128;64;64;QT_Depth;1
BlockStat;2; 768; 128;64;64;BT_Depth;0
BlockStat;2; 768; 128;64;64;MT_Depth;0
BlockStat;2; 768; 128;64;64;ChromaQPAdj;0
BlockStat;2; 768; 128;64;64;QP;40
BlockStat;2; 768; 128;64;64;SplitSeries;1
BlockStat;2; 768; 128;64;64;SkipFlag;1
BlockStat;2; 768; 128;64;64;MMVDSkipFlag;0
BlockStat;2; 768; 128;64;64;PredMode;0
BlockStat;2; 768; 128;64;64;MergeIdx;0
BlockStat;2; 768; 128;64;64;MergeType;0
BlockStat;2; 768; 128;64;64;MMVDMergeFlag;0
BlockStat;2; 768; 128;64;64;AffineFlag;0
BlockStat;2; 768; 128;64;64;MVPIdxL0;255
BlockStat;2; 768; 128;64;64;RefIdxL0;0
BlockStat;2; 768; 128;64;64;MVDL0;   0;   0
BlockStat;2; 768; 128;64;64;MVL0;   0;   0
BlockStat;2; 768; 192;64;64;Depth;1
BlockStat;2; 768; 192;64;64;QT_Depth;1
BlockStat;2; 768; 192;64;64;BT_Depth;0
BlockStat;2; 768; 192;64;64;MT_Depth;0
BlockStat;2; 768; 192;64;64;ChromaQPAdj;0
BlockStat;2; 768; 192;64;64;QP;40
BlockStat;2; 768; 192;64;64;SplitSeries;1
BlockStat;2; 768; 192;64;64;SkipFlag;1
BlockStat;2; 768; 192;64;64;MMVDSkipFlag;0
BlockStat;2; 768; 192;64;64;PredMode;0
BlockStat;2; 768; 192;64;64;MergeIdx;0
BlockStat;2; 768; 192;64;64;MergeType;0
BlockStat;2; 768; 192;64;64;MMVDMergeFlag;0
BlockStat;2; 768; 192;64;64;AffineFlag;0
BlockStat;2; 768; 192;64;64;MVPIdxL0;255
BlockStat;2; 768; 192;64;64;RefIdxL0;0
BlockStat;2; 768; 192;64;64;MVDL0;   0;   0
BlockStat;2; 768; 192;64;64;MVL0;   0;   0
BlockStat;2;   0; 256;128;128;Depth;0
BlockStat;2;   0; 256;128;128;QT_Depth;0
BlockStat;2;   0; 256;128;128;BT_Depth;0
BlockStat;2;   0; 256;128;128;MT_Depth;0
BlockStat;2;   0; 256;128;128;ChromaQPAdj;0
BlockStat;2;   0; 256;128;128;QP;40
BlockStat;2;   0; 256;128;128;SplitSeries;0
BlockStat;2;   0; 256;128;128;SkipFlag;1
BlockStat;2;   0; 256;128;128;MMVDSkipFlag;0
BlockStat;2;   0; 256;128;128;PredMode;0
BlockStat;2;   0; 256;128;128;MergeIdx;0
BlockStat;2;   0; 256;128;128;MergeType;0
BlockStat;2;   0; 256;128;128;MMVDMergeFlag;0
BlockStat;2;   0; 256;128;128;AffineFlag;0
BlockStat;2;   0; 256;128;128;MVPIdxL0;255
BlockStat;2;   0; 256;128;128;RefIdxL0;0
BlockStat;2;   0; 256;128;128;MVDL0;   0;   0
BlockStat;2;   0; 256;128;128;MVL0;   0;   0
BlockStat;2; 128; 256;128;128;Depth;0
BlockStat;2; 128; 256;128;128;QT_Depth;0
BlockStat;2; 128; 256;128;128;BT_Depth;0
BlockStat;2; 128; 256;128;128;MT_Depth;0
BlockStat;2; 128; 256;128;128;ChromaQPAdj;0
BlockStat;2; 128; 256;128;128;QP;40
BlockStat;2; 128; 256;128;128;SplitSeries;0
BlockStat;2; 128; 256;128;128;SkipFlag;1
BlockStat;2; 128; 256;128;128;MMVDSkipFlag;0
BlockStat;2; 128; 256;128;128;PredMode;0
BlockStat;2; 128; 256;128;128;MergeIdx;0
BlockStat;2; 128; 256;128;128;MergeType;0
BlockStat;2; 128; 256;128;128;MMVDMergeFlag;0
BlockStat;2; 128; 256;128;128;AffineFlag;0
BlockStat;2; 128; 256;128;128;MVPIdxL0;255
BlockStat;2; 128; 256;128;128;RefIdxL0;0
BlockStat;2; 128; 256;128;128;MVDL0;   0;   0
BlockStat;2; 128; 256;128;128;MVL0;   0;   0
BlockStat;2; 256; 256;128;128;Depth;0
BlockStat;2; 256; 256;128;128;QT_Depth;0
BlockStat;2; 256; 256;128;128;BT_Depth;0
BlockStat;2; 256; 256;128;128;MT_Depth;0
BlockStat;2; 256; 256;128;128;ChromaQPAdj;0
BlockStat;2; 256; 256;128;128;QP;40
BlockStat;2; 256; 256;128;128;SplitSeries;0
BlockStat;2; 256; 256;128;128;SkipFlag;1
BlockStat;2; 256; 256;128;128;MMVDSkipFlag;0
BlockStat;2; 256; 256;128;128;PredMode;0
BlockStat;2; 256; 256;128;128;MergeIdx;0
BlockStat;2; 256; 256;128;128;MergeType;0
BlockStat;2; 256; 256;128;128;MMVDMergeFlag;0
BlockStat;2; 256; 256;128;128;AffineFlag;0
BlockStat;2; 256; 256;128;128;MVPIdxL0;255
BlockStat;2; 256; 256;128;128;RefIdxL0;0
BlockStat;2; 256; 256;128;128;MVDL0;   0;   0
BlockStat;2; 256; 256;128;128;MVL0;   0;   0
BlockStat;2; 384; 256;128;128;Depth;0
BlockStat;2; 384; 256;128;128;QT_Depth;0
BlockStat;2; 384; 256;128;128;BT_Depth;0
BlockStat;2; 384; 256;128;128;MT_Depth;0
BlockStat;2; 384; 256;128;128;ChromaQPAdj;0
BlockStat;2; 384; 256;128;128;QP;40
BlockStat;2; 384; 256;128;128;SplitSeries;0
BlockStat;2; 384; 256;128;128;SkipFlag;1
BlockStat;2; 384; 256;128;128;MMVDSkipFlag;0
BlockStat;2; 384; 256;128;128;PredMode;0
BlockStat;2; 384; 256;128;128;MergeIdx;0
BlockStat;2; 384; 256;128;128;MergeType;0
BlockStat;2; 384; 256;128;128;MMVDMergeFlag;0
BlockStat;2; 384; 256;128;128;AffineFlag;0
BlockStat;2; 384; 256;128;128;MVPIdxL0;255
BlockStat;2; 384; 256;128;128;RefIdxL0;0
BlockStat;2; 384; 256;128;128;MVDL0;   0;   0
BlockStat;2; 384; 256;128;128;MVL0;   0;   0
BlockStat;2; 512; 256;128;128;Depth;0
BlockStat;2; 512; 256;128;128;QT_Depth;0
BlockStat;2; 512; 256;128;128;BT_Depth;0
BlockStat;2; 512; 256;128;128;MT_Depth;0
BlockStat;2; 512; 256;128;128;ChromaQPAdj;0
BlockStat;2; 512; 256;128;128;QP;40
BlockStat;2; 512; 256;128;128;SplitSeries;0
BlockStat;2; 512; 256;128;128;SkipFlag;1
BlockStat;2; 512; 256;128;128;MMVDSkipFlag;0
BlockStat;2; 512; 256;128;128;PredMode;0
BlockStat;2; 512; 256;128;128;MergeIdx;0
BlockStat;2; 512; 256;128;128;MergeType;0
BlockStat;2; 512; 256;128;128;MMVDMergeFlag;0
BlockStat;2; 512; 256;128;128;AffineFlag;0
BlockStat;2; 512; 256;128;128;MVPIdxL0;255
BlockStat;2; 512; 256;128;128;RefIdxL0;0
BlockStat;2; 512; 256;128;128;MVDL0;   0;   0
BlockStat;2; 512; 256;128;128;MVL0;   0;   0
BlockStat;2; 640; 256;128;128;Depth;0
BlockStat;2; 640; 256;128;128;QT_Depth;0
BlockStat;2; 640; 256;128;128;BT_Depth;0
BlockStat;2; 640; 256;128;128;MT_Depth;0
BlockStat;2; 640; 256;128;128;ChromaQPAdj;0
BlockStat;2; 640; 256;128;128;QP;40
BlockStat;2; 640; 256;128;128;SplitSeries;0
BlockStat;2; 640; 256;128;128;SkipFlag;1
BlockStat;2; 640; 256;128;128;MMVDSkipFlag;0
BlockStat;2; 640; 256;128;128;PredMode;0
BlockStat;2; 640; 256;128;128;MergeIdx;0
BlockStat;2; 640; 256;128;128;MergeType;0
BlockStat;2; 640; 256;128;128;MMVDMergeFlag;0
BlockStat;2; 640; 256;128;128;AffineFlag;0
BlockStat;2; 640; 256;128;128;MVPIdxL0;255
BlockStat;2; 640; 256;128;128;RefIdxL0;0
BlockStat;2; 640; 256;128;128;MVDL0;   0;   0
BlockStat;2; 640; 256;128;128;MVL0;   0;   0
BlockStat;2; 768; 256;64;64;Depth;1
BlockStat;2; 768; 256;64;64;QT_Depth;1
BlockStat;2; 768; 256;64;64;BT_Depth;0
BlockStat;2; 768; 256;64;64;MT_Depth;0
BlockStat;2; 768; 256;64;64;ChromaQPAdj;0
BlockStat;2; 768; 256;64;64;QP;40
BlockStat;2; 768; 256;64;64;SplitSeries;1
BlockStat;2; 768; 256;64;64;SkipFlag;1
BlockStat;2; 768; 256;64;64;MMVDSkipFlag;0
BlockStat;2; 768; 256;64;64;PredMode;0
BlockStat;2; 768; 256;64;64;MergeIdx;0
BlockStat;2; 768; 256;64;64;MergeType;0
BlockStat;2; 768; 256;64;64;MMVDMergeFlag;0
BlockStat;2; 768; 256;64;64;AffineFlag;0
BlockStat;2; 768; 256;64;64;MVPIdxL0;255
BlockStat;2; 768; 256;64;64;RefIdxL0;0
BlockStat;2; 768; 256;64;64;MVDL0;   0;   0
BlockStat;2; 768; 256;64;64;MVL0;   0;   0
BlockStat;2; 768; 320;64;64;Depth;1
BlockStat;2; 768; 320;64;64;QT_Depth;1
BlockStat;2; 768; 320;64;64;BT_Depth;0
BlockStat;2; 768; 320;64;64;MT_Depth;0
BlockStat;2; 768; 320;64;64;ChromaQPAdj;0
BlockStat;2; 768; 320;64;64;QP;40
BlockStat;2; 768; 320;64;64;SplitSeries;1
BlockStat;2; 768; 320;64;64;SkipFlag;1
BlockStat;2; 768; 320;64;64;MMVDSkipFlag;0
BlockStat;2; 768; 320;64;64;PredMode;0
BlockStat;2; 768; 320;64;64;MergeIdx;0
BlockStat;2; 768; 320;64;64;MergeType;0
BlockStat;2; 768; 320;64;64;MMVDMergeFlag;0
BlockStat;2; 768; 320;64;64;AffineFlag;0
BlockStat;2; 768; 320;64;64;MVPIdxL0;255
BlockStat;2; 768; 320;64;64;RefIdxL0;0
BlockStat;2; 768; 320;64;64;MVDL0;   0;   0
BlockStat;2; 768; 320;64;64;MVL0;   0;   0
BlockStat;2;   0; 384;64;64;Depth;1
BlockStat;2;   0; 384;64;64;QT_Depth;1
BlockStat;2;   0; 384;64;64;BT_Depth;0
BlockStat;2;   0; 384;64;64;MT_Depth;0
BlockStat;2;   0; 384;64;64;ChromaQPAdj;0
BlockStat;2;   0; 384;64;64;QP;40
BlockStat;2;   0; 384;64;64;SplitSeries;1
BlockStat;2;   0; 384;64;64;SkipFlag;1
BlockStat;2;   0; 384;64;64;MMVDSkipFlag;0
BlockStat;2;   0; 384;64;64;PredMode;0
BlockStat;2;   0; 384;64;64;MergeIdx;0
BlockStat;2;   0; 384;64;64;MergeType;0
BlockStat;2;   0; 384;64;64;MMVDMergeFlag;0
BlockStat;2;   0; 384;64;64;AffineFlag;0
BlockStat;2;   0; 384;64;64;MVPIdxL0;255
BlockStat;2;   0; 384;64;64;RefIdxL0;0
BlockStat;2;   0; 384;64;64;MVDL0;   0;   0
BlockStat;2;   0; 384;64;64;MVL0;   0;   0
BlockStat;2;  64; 384;64;64;Depth;1
BlockStat;2;  64; 384;64;64;QT_Depth;1
BlockStat;2;  64; 384;64;64;BT_Depth;0
BlockStat;2;  64; 384;64;64;MT_Depth;0
BlockStat;2;  64; 384;64;64;ChromaQPAdj;0
BlockStat;2;  64; 384;64;64;QP;40
BlockStat;2;  64; 384;64;64;SplitSeries;1
BlockStat;2;  64; 384;64;64;SkipFlag;1
BlockStat;2;  64; 384;64;64;MMVDSkipFlag;0
BlockStat;2;  64; 384;64;64;PredMode;0
BlockStat;2;  64; 384;64;64;MergeIdx;0
BlockStat;2;  64; 384;64;64;MergeType;0
BlockStat;2;  64; 384;64;64;MMVDMergeFlag;0
BlockStat;2;  64; 384;64;64;AffineFlag;0
BlockStat;2;  64; 384;64;64;MVPIdxL0;255
BlockStat;2;  64; 384;64;64;RefIdxL0;0
BlockStat;2;  64; 384;64;64;MVDL0;   0;   0
BlockStat;2;  64; 384;64;64;MVL0;   0;   0
BlockStat;2;   0; 448;64;32;Depth;2
BlockStat;2;   0; 448;64;32;QT_Depth;1
BlockStat;2;   0; 448;64;32;BT_Depth;1
BlockStat;2;   0; 448;64;32;MT_Depth;1
BlockStat;2;   0; 448;64;32;ChromaQPAdj;0
BlockStat;2;   0; 448;64;32;QP;40
BlockStat;2;   0; 448;64;32;SplitSeries;65
BlockStat;2;   0; 448;64;32;SkipFlag;1
BlockStat;2;   0; 448;64;32;MMVDSkipFlag;0
BlockStat;2;   0; 448;64;32;PredMode;0
BlockStat;2;   0; 448;64;32;MergeIdx;0
BlockStat;2;   0; 448;64;32;MergeType;0
BlockStat;2;   0; 448;64;32;MMVDMergeFlag;0
BlockStat;2;   0; 448;64;32;AffineFlag;0
BlockStat;2;   0; 448;64;32;MVPIdxL0;255
BlockStat;2;   0; 448;64;32;RefIdxL0;0
BlockStat;2;   0; 448;64;32;MVDL0;   0;   0
BlockStat;2;   0; 448;64;32;MVL0;   0;   0
BlockStat;2;  64; 448;64;32;Depth;2
BlockStat;2;  64; 448;64;32;QT_Depth;1
BlockStat;2;  64; 448;64;32;BT_Depth;1
BlockStat;2;  64; 448;64;32;MT_Depth;1
BlockStat;2;  64; 448;64;32;ChromaQPAdj;0
BlockStat;2;  64; 448;64;32;QP;40
BlockStat;2;  64; 448;64;32;SplitSeries;65
BlockStat;2;  64; 448;64;32;SkipFlag;1
BlockStat;2;  64; 448;64;32;MMVDSkipFlag;0
BlockStat;2;  64; 448;64;32;PredMode;0
BlockStat;2;  64; 448;64;32;MergeIdx;0
BlockStat;2;  64; 448;64;32;MergeType;0
BlockStat;2;  64; 448;64;32;MMVDMergeFlag;0
BlockStat;2;  64; 448;64;32;AffineFlag;0
BlockStat;2;  64; 448;64;32;MVPIdxL0;255
BlockStat;2;  64; 448;64;32;RefIdxL0;0
BlockStat;2;  64; 448;64;32;MVDL0;   0;   0
BlockStat;2;  64; 448;64;32;MVL0;   0;   0
BlockStat;2; 128; 384;64;64;Depth;1
BlockStat;2; 128; 384;64;64;QT_Depth;1
BlockStat;2; 128; 384;64;64;BT_Depth;0
BlockStat;2; 128; 384;64;64;MT_Depth;0
BlockStat;2; 128; 384;64;64;ChromaQPAdj;0
BlockStat;2; 128; 384;64;64;QP;40
BlockStat;2; 128; 384;64;64;SplitSeries;1
BlockStat;2; 128; 384;64;64;SkipFlag;1
BlockStat;2; 128; 384;64;64;MMVDSkipFlag;0
BlockStat;2; 128; 384;64;64;PredMode;0
BlockStat;2; 128; 384;64;64;MergeIdx;0
BlockStat;2; 128; 384;64;64;MergeType;0
BlockStat;2; 128; 384;64;64;MMVDMergeFlag;0
BlockStat;2; 128; 384;64;64;AffineFlag;0
BlockStat;2; 128; 384;64;64;MVPIdxL0;255
BlockStat;2; 128; 384;64;64;RefIdxL0;0
BlockStat;2; 128; 384;64;64;MVDL0;   0;   0
BlockStat;2; 128; 384;64;64;MVL0;   0;   0
BlockStat;2; 192; 384;64;64;Depth;1
BlockStat;2; 192; 384;64;64;QT_Depth;1
BlockStat;2; 192; 384;64;64;BT_Depth;0
BlockStat;2; 192; 384;64;64;MT_Depth;0
BlockStat;2; 192; 384;64;64;ChromaQPAdj;0
BlockStat;2; 192; 384;64;64;QP;40
BlockStat;2; 192; 384;64;64;SplitSeries;1
BlockStat;2; 192; 384;64;64;SkipFlag;1
BlockStat;2; 192; 384;64;64;MMVDSkipFlag;0
BlockStat;2; 192; 384;64;64;PredMode;0
BlockStat;2; 192; 384;64;64;MergeIdx;0
BlockStat;2; 192; 384;64;64;MergeType;0
BlockStat;2; 192; 384;64;64;MMVDMergeFlag;0
BlockStat;2; 192; 384;64;64;AffineFlag;0
BlockStat;2; 192; 384;64;64;MVPIdxL0;255
BlockStat;2; 192; 384;64;64;RefIdxL0;0
BlockStat;2; 192; 384;64;64;MVDL0;   0;   0
BlockStat;2; 192; 384;64;64;MVL0;   0;   0
BlockStat;2; 128; 448;64;32;Depth;2
BlockStat;2; 128; 448;64;32;QT_Depth;1
BlockStat;2; 128; 448;64;32;BT_Depth;1
BlockStat;2; 128; 448;64;32;MT_Depth;1
BlockStat;2; 128; 448;64;32;ChromaQPAdj;0
BlockStat;2; 128; 448;64;32;QP;40
BlockStat;2; 128; 448;64;32;SplitSeries;65
BlockStat;2; 128; 448;64;32;SkipFlag;1
BlockStat;2; 128; 448;64;32;MMVDSkipFlag;0
BlockStat;2; 128; 448;64;32;PredMode;0
BlockStat;2; 128; 448;64;32;MergeIdx;0
BlockStat;2; 128; 448;64;32;MergeType;0
BlockStat;2; 128; 448;64;32;MMVDMergeFlag;0
BlockStat;2; 128; 448;64;32;AffineFlag;0
BlockStat;2; 128; 448;64;32;MVPIdxL0;255
BlockStat;2; 128; 448;64;32;RefIdxL0;0
BlockStat;2; 128; 448;64;32;MVDL0;   0;   0
BlockStat;2; 128; 448;64;32;MVL0;   0;   0
BlockStat;2; 192; 448;64;32;Depth;2
BlockStat;2; 192; 448;64;32;QT_Depth;1
BlockStat;2; 192; 448;64;32;BT_Depth;1
BlockStat;2; 192; 448;64;32;MT_Depth;1
BlockStat;2; 192; 448;64;32;ChromaQPAdj;0
BlockStat;2; 192; 448;64;32;QP;40
BlockStat;2; 192; 448;64;32;SplitSeries;65
BlockStat;2; 192; 448;64;32;SkipFlag;1
BlockStat;2; 192; 448;64;32;MMVDSkipFlag;0
BlockStat;2; 192; 448;64;32;PredMode;0
BlockStat;2; 192; 448;64;32;MergeIdx;0
BlockStat;2; 192; 448;64;32;MergeType;0
BlockStat;2; 192; 448;64;32;MMVDMergeFlag;0
BlockStat;2; 192; 448;64;32;AffineFlag;0
BlockStat;2; 192; 448;64;32;MVPIdxL0;255
BlockStat;2; 192; 448;64;32;RefIdxL0;0
BlockStat;2; 192; 448;64;32;MVDL0;   0;   0
BlockStat;2; 192; 448;64;32;MVL0;   0;   0
BlockStat;2; 256; 384;64;64;Depth;1
BlockStat;2; 256; 384;64;64;QT_Depth;1
BlockStat;2; 256; 384;64;64;BT_Depth;0
BlockStat;2; 256; 384;64;64;MT_Depth;0
BlockStat;2; 256; 384;64;64;ChromaQPAdj;0
BlockStat;2; 256; 384;64;64;QP;40
BlockStat;2; 256; 384;64;64;SplitSeries;1
BlockStat;2; 256; 384;64;64;SkipFlag;1
BlockStat;2; 256; 384;64;64;MMVDSkipFlag;0
BlockStat;2; 256; 384;64;64;PredMode;0
BlockStat;2; 256; 384;64;64;MergeIdx;0
BlockStat;2; 256; 384;64;64;MergeType;0
BlockStat;2; 256; 384;64;64;MMVDMergeFlag;0
BlockStat;2; 256; 384;64;64;AffineFlag;0
BlockStat;2; 256; 384;64;64;MVPIdxL0;255
BlockStat;2; 256; 384;64;64;RefIdxL0;0
BlockStat;2; 256; 384;64;64;MVDL0;   0;   0
BlockStat;2; 256; 384;64;64;MVL0;   0;   0
BlockStat;2; 320; 384;64;64;Depth;1
BlockStat;2; 320; 384;64;64;QT_Depth;1
BlockStat;2; 320; 384;64;64;BT_Depth;0
BlockStat;2; 320; 384;64;64;MT_Depth;0
BlockStat;2; 320; 384;64;64;ChromaQPAdj;0
BlockStat;2; 320; 384;64;64;QP;40
BlockStat;2; 320; 384;64;64;SplitSeries;1
BlockStat;2; 320; 384;64;64;SkipFlag;1
BlockStat;2; 320; 384;64;64;MMVDSkipFlag;0
BlockStat;2; 320; 384;64;64;PredMode;0
BlockStat;2; 320; 384;64;64;MergeIdx;0
BlockStat;2; 320; 384;64;64;MergeType;0
BlockStat;2; 320; 384;64;64;MMVDMergeFlag;0
BlockStat;2; 320; 384;64;64;AffineFlag;0
BlockStat;2; 320; 384;64;64;MVPIdxL0;255
BlockStat;2; 320; 384;64;64;RefIdxL0;0
BlockStat;2; 320; 384;64;64;MVDL0;   0;   0
BlockStat;2; 320; 384;64;64;MVL0;   0;   0
BlockStat;2; 256; 448;64;32;Depth;2
BlockStat;2; 256; 448;64;32;QT_Depth;1
BlockStat;2; 256; 448;64;32;BT_Depth;1
BlockStat;2; 256; 448;64;32;MT_Depth;1
BlockStat;2; 256; 448;64;32;ChromaQPAdj;0
BlockStat;2; 256; 448;64;32;QP;40
BlockStat;2; 256; 448;64;32;SplitSeries;65
BlockStat;2; 256; 448;64;32;SkipFlag;1
BlockStat;2; 256; 448;64;32;MMVDSkipFlag;0
BlockStat;2; 256; 448;64;32;PredMode;0
BlockStat;2; 256; 448;64;32;MergeIdx;0
BlockStat;2; 256; 448;64;32;MergeType;0
BlockStat;2; 256; 448;64;32;MMVDMergeFlag;0
BlockStat;2; 256; 448;64;32;AffineFlag;0
BlockStat;2; 256; 448;64;32;MVPIdxL0;255
BlockStat;2; 256; 448;64;32;RefIdxL0;0
BlockStat;2; 256; 448;64;32;MVDL0;   0;   0
BlockStat;2; 256; 448;64;32;MVL0;   0;   0
BlockStat;2; 320; 448;64;32;Depth;2
BlockStat;2; 320; 448;64;32;QT_Depth;1
BlockStat;2; 320; 448;64;32;BT_Depth;1
BlockStat;2; 320; 448;64;32;MT_Depth;1
BlockStat;2; 320; 448;64;32;ChromaQPAdj;0
BlockStat;2; 320; 448;64;32;QP;40
BlockStat;2; 320; 448;64;32;SplitSeries;65
BlockStat;2; 320; 448;64;32;SkipFlag;1
BlockStat;2; 320; 448;64;32;MMVDSkipFlag;0
BlockStat;2; 320; 448;64;32;PredMode;0
BlockStat;2; 320; 448;64;32;MergeIdx;0
BlockStat;2; 320; 448;64;32;MergeType;0
BlockStat;2; 320; 448;64;32;MMVDMergeFlag;0
BlockStat;2; 320; 448;64;32;AffineFlag;0
BlockStat;2; 320; 448;64;32;MVPIdxL0;255
BlockStat;2; 320; 448;64;32;RefIdxL0;0
BlockStat;2; 320; 448;64;32;MVDL0;   0;   0
BlockStat;2; 320; 448;64;32;MVL0;   0;   0
BlockStat;2; 384; 384;64;64;Depth;1
BlockStat;2; 384; 384;64;64;QT_Depth;1
BlockStat;2; 384; 384;64;64;BT_Depth;0
BlockStat;2; 384; 384;64;64;MT_Depth;0
BlockStat;2; 384; 384;64;64;ChromaQPAdj;0
BlockStat;2; 384; 384;64;64;QP;40
BlockStat;2; 384; 384;64;64;SplitSeries;1
BlockStat;2; 384; 384;64;64;SkipFlag;1
BlockStat;2; 384; 384;64;64;MMVDSkipFlag;0
BlockStat;2; 384; 384;64;64;PredMode;0
BlockStat;2; 384; 384;64;64;MergeIdx;0
BlockStat;2; 384; 384;64;64;MergeType;0
BlockStat;2; 384; 384;64;64;MMVDMergeFlag;0
BlockStat;2; 384; 384;64;64;AffineFlag;0
BlockStat;2; 384; 384;64;64;MVPIdxL0;255
BlockStat;2; 384; 384;64;64;RefIdxL0;0
BlockStat;2; 384; 384;64;64;MVDL0;   0;   0
BlockStat;2; 384; 384;64;64;MVL0;   0;   0
BlockStat;2; 448; 384;64;64;Depth;1
BlockStat;2; 448; 384;64;64;QT_Depth;1
BlockStat;2; 448; 384;64;64;BT_Depth;0
BlockStat;2; 448; 384;64;64;MT_Depth;0
BlockStat;2; 448; 384;64;64;ChromaQPAdj;0
BlockStat;2; 448; 384;64;64;QP;40
BlockStat;2; 448; 384;64;64;SplitSeries;1
BlockStat;2; 448; 384;64;64;SkipFlag;1
BlockStat;2; 448; 384;64;64;MMVDSkipFlag;0
BlockStat;2; 448; 384;64;64;PredMode;0
BlockStat;2; 448; 384;64;64;MergeIdx;0
BlockStat;2; 448; 384;64;64;MergeType;0
BlockStat;2; 448; 384;64;64;MMVDMergeFlag;0
BlockStat;2; 448; 384;64;64;AffineFlag;0
BlockStat;2; 448; 384;64;64;MVPIdxL0;255
BlockStat;2; 448; 384;64;64;RefIdxL0;0
BlockStat;2; 448; 384;64;64;MVDL0;   0;   0
BlockStat;2; 448; 384;64;64;MVL0;   0;   0
BlockStat;2; 384; 448;64;32;Depth;2
BlockStat;2; 384; 448;64;32;QT_Depth;1
BlockStat;2; 384; 448;64;32;BT_Depth;1
BlockStat;2; 384; 448;64;32;MT_Depth;1
BlockStat;2; 384; 448;64;32;ChromaQPAdj;0
BlockStat;2; 384; 448;64;32;QP;40
BlockStat;2; 384; 448;64;32;SplitSeries;65
BlockStat;2; 384; 448;64;32;SkipFlag;1
BlockStat;2; 384; 448;64;32;MMVDSkipFlag;0
BlockStat;2; 384; 448;64;32;PredMode;0
BlockStat;2; 384; 448;64;32;MergeIdx;0
BlockStat;2; 384; 448;64;32;MergeType;0
BlockStat;2; 384; 448;64;32;MMVDMergeFlag;0
BlockStat;2; 384; 448;64;32;AffineFlag;0
BlockStat;2; 384; 448;64;32;MVPIdxL0;255
BlockStat;2; 384; 448;64;32;RefIdxL0;0
BlockStat;2; 384; 448;64;32;MVDL0;   0;   0
BlockStat;2; 384; 448;64;32;MVL0;   0;   0
BlockStat;2; 448; 448;64;32;Depth;2
BlockStat;2; 448; 448;64;32;QT_Depth;1
BlockStat;2; 448; 448;64;32;BT_Depth;1
BlockStat;2; 448; 448;64;32;MT_Depth;1
BlockStat;2; 448; 448;64;32;ChromaQPAdj;0
BlockStat;2; 448; 448;64;32;QP;40
BlockStat;2; 448; 448;64;32;SplitSeries;65
BlockStat;2; 448; 448;64;32;SkipFlag;1
BlockStat;2; 448; 448;64;32;MMVDSkipFlag;0
BlockStat;2; 448; 448;64;32;PredMode;0
BlockStat;2; 448; 448;64;32;MergeIdx;0
BlockStat;2; 448; 448;64;32;MergeType;0
BlockStat;2; 448; 448;64;32;MMVDMergeFlag;0
BlockStat;2; 448; 448;64;32;AffineFlag;0
BlockStat;2; 448; 448;64;32;MVPIdxL0;255
BlockStat;2; 448; 448;64;32;RefIdxL0;0
BlockStat;2; 448; 448;64;32;MVDL0;   0;   0
BlockStat;2; 448; 448;64;32;MVL0;   0;   0
BlockStat;2; 512; 384;64;64;Depth;1
BlockStat;2; 512; 384;64;64;QT_Depth;1
BlockStat;2; 512; 384;64;64;BT_Depth;0
BlockStat;2; 512; 384;64;64;MT_Depth;0
BlockStat;2; 512; 384;64;64;ChromaQPAdj;0
BlockStat;2; 512; 384;64;64;QP;40
BlockStat;2; 512; 384;64;64;SplitSeries;1
BlockStat;2; 512; 384;64;64;SkipFlag;1
BlockStat;2; 512; 384;64;64;MMVDSkipFlag;0
BlockStat;2; 512; 384;64;64;PredMode;0
BlockStat;2; 512; 384;64;64;MergeIdx;0
BlockStat;2; 512; 384;64;64;MergeType;0
BlockStat;2; 512; 384;64;64;MMVDMergeFlag;0
BlockStat;2; 512; 384;64;64;AffineFlag;0
BlockStat;2; 512; 384;64;64;MVPIdxL0;255
BlockStat;2; 512; 384;64;64;RefIdxL0;0
BlockStat;2; 512; 384;64;64;MVDL0;   0;   0
BlockStat;2; 512; 384;64;64;MVL0;   0;   0
BlockStat;2; 576; 384;64;64;Depth;1
BlockStat;2; 576; 384;64;64;QT_Depth;1
BlockStat;2; 576; 384;64;64;BT_Depth;0
BlockStat;2; 576; 384;64;64;MT_Depth;0
BlockStat;2; 576; 384;64;64;ChromaQPAdj;0
BlockStat;2; 576; 384;64;64;QP;40
BlockStat;2; 576; 384;64;64;SplitSeries;1
BlockStat;2; 576; 384;64;64;SkipFlag;1
BlockStat;2; 576; 384;64;64;MMVDSkipFlag;0
BlockStat;2; 576; 384;64;64;PredMode;0
BlockStat;2; 576; 384;64;64;MergeIdx;0
BlockStat;2; 576; 384;64;64;MergeType;0
BlockStat;2; 576; 384;64;64;MMVDMergeFlag;0
BlockStat;2; 576; 384;64;64;AffineFlag;0
BlockStat;2; 576; 384;64;64;MVPIdxL0;255
BlockStat;2; 576; 384;64;64;RefIdxL0;0
BlockStat;2; 576; 384;64;64;MVDL0;   0;   0
BlockStat;2; 576; 384;64;64;MVL0;   0;   0
BlockStat;2; 512; 448;64;32;Depth;2
BlockStat;2; 512; 448;64;32;QT_Depth;1
BlockStat;2; 512; 448;64;32;BT_Depth;1
BlockStat;2; 512; 448;64;32;MT_Depth;1
BlockStat;2; 512; 448;64;32;ChromaQPAdj;0
BlockStat;2; 512; 448;64;32;QP;40
BlockStat;2; 512; 448;64;32;SplitSeries;65
BlockStat;2; 512; 448;64;32;SkipFlag;1
BlockStat;2; 512; 448;64;32;MMVDSkipFlag;0
BlockStat;2; 512; 448;64;32;PredMode;0
BlockStat;2; 512; 448;64;32;MergeIdx;0
BlockStat;2; 512; 448;64;32;MergeType;0
BlockStat;2; 512; 448;64;32;MMVDMergeFlag;0
BlockStat;2; 512; 448;64;32;AffineFlag;0
BlockStat;2; 512; 448;64;32;MVPIdxL0;255
BlockStat;2; 512; 448;64;32;RefIdxL0;0
BlockStat;2; 512; 448;64;32;MVDL0;   0;   0
BlockStat;2; 512; 448;64;32;MVL0;   0;   0
BlockStat;2; 576; 448;64;32;Depth;2
BlockStat;2; 576; 448;64;32;QT_Depth;1
BlockStat;2; 576; 448;64;32;BT_Depth;1
BlockStat;2; 576; 448;64;32;MT_Depth;1
BlockStat;2; 576; 448;64;32;ChromaQPAdj;0
BlockStat;2; 576; 448;64;32;QP;40
BlockStat;2; 576; 448;64;32;SplitSeries;65
BlockStat;2; 576; 448;64;32;SkipFlag;1
BlockStat;2; 576; 448;64;32;MMVDSkipFlag;0
BlockStat;2; 576; 448;64;32;PredMode;0
BlockStat;2; 576; 448;64;32;MergeIdx;0
BlockStat;2; 576; 448;64;32;MergeType;0
BlockStat;2; 576; 448;64;32;MMVDMergeFlag;0
BlockStat;2; 576; 448;64;32;AffineFlag;0
BlockStat;2; 576; 448;64;32;MVPIdxL0;255
BlockStat;2; 576; 448;64;32;RefIdxL0;0
BlockStat;2; 576; 448;64;32;MVDL0;   0;   0
BlockStat;2; 576; 448;64;32;MVL0;   0;   0
BlockStat;2; 640; 384;64;64;Depth;1
BlockStat;2; 640; 384;64;64;QT_Depth;1
BlockStat;2; 640; 384;64;64;BT_Depth;0
BlockStat;2; 640; 384;64;64;MT_Depth;0
BlockStat;2; 640; 384;64;64;ChromaQPAdj;0
BlockStat;2; 640; 384;64;64;QP;40
BlockStat;2; 640; 384;64;64;SplitSeries;1
BlockStat;2; 640; 384;64;64;SkipFlag;1
BlockStat;2; 640; 384;64;64;MMVDSkipFlag;0
BlockStat;2; 640; 384;64;64;PredMode;0
BlockStat;2; 640; 384;64;64;MergeIdx;0
BlockStat;2; 640; 384;64;64;MergeType;0
BlockStat;2; 640; 384;64;64;MMVDMergeFlag;0
BlockStat;2; 640; 384;64;64;AffineFlag;0
BlockStat;2; 640; 384;64;64;MVPIdxL0;255
BlockStat;2; 640; 384;64;64;RefIdxL0;0
BlockStat;2; 640; 384;64;64;MVDL0;   0;   0
BlockStat;2; 640; 384;64;64;MVL0;   0;   0
BlockStat;2; 704; 384;64;64;Depth;1
BlockStat;2; 704; 384;64;64;QT_Depth;1
BlockStat;2; 704; 384;64;64;BT_Depth;0
BlockStat;2; 704; 384;64;64;MT_Depth;0
BlockStat;2; 704; 384;64;64;ChromaQPAdj;0
BlockStat;2; 704; 384;64;64;QP;40
BlockStat;2; 704; 384;64;64;SplitSeries;1
BlockStat;2; 704; 384;64;64;SkipFlag;1
BlockStat;2; 704; 384;64;64;MMVDSkipFlag;0
BlockStat;2; 704; 384;64;64;PredMode;0
BlockStat;2; 704; 384;64;64;MergeIdx;0
BlockStat;2; 704; 384;64;64;MergeType;0
BlockStat;2; 704; 384;64;64;MMVDMergeFlag;0
BlockStat;2; 704; 384;64;64;AffineFlag;0
BlockStat;2; 704; 384;64;64;MVPIdxL0;255
BlockStat;2; 704; 384;64;64;RefIdxL0;0
BlockStat;2; 704; 384;64;64;MVDL0;   0;   0
BlockStat;2; 704; 384;64;64;MVL0;   0;   0
BlockStat;2; 640; 448;64;32;Depth;2
BlockStat;2; 640; 448;64;32;QT_Depth;1
BlockStat;2; 640; 448;64;32;BT_Depth;1
BlockStat;2; 640; 448;64;32;MT_Depth;1
BlockStat;2; 640; 448;64;32;ChromaQPAdj;0
BlockStat;2; 640; 448;64;32;QP;40
BlockStat;2; 640; 448;64;32;SplitSeries;65
BlockStat;2; 640; 448;64;32;SkipFlag;1
BlockStat;2; 640; 448;64;32;MMVDSkipFlag;0
BlockStat;2; 640; 448;64;32;PredMode;0
BlockStat;2; 640; 448;64;32;MergeIdx;0
BlockStat;2; 640; 448;64;32;MergeType;0
BlockStat;2; 640; 448;64;32;MMVDMergeFlag;0
BlockStat;2; 640; 448;64;32;AffineFlag;0
BlockStat;2; 640; 448;64;32;MVPIdxL0;255
BlockStat;2; 640; 448;64;32;RefIdxL0;0
BlockStat;2; 640; 448;64;32;MVDL0;   0;   0
BlockStat;2; 640; 448;64;32;MVL0;   0;   0
BlockStat;2; 704; 448;64;32;Depth;2
BlockStat;2; 704; 448;64;32;QT_Depth;1
BlockStat;2; 704; 448;64;32;BT_Depth;1
BlockStat;2; 704; 448;64;32;MT_Depth;1
BlockStat;2; 704; 448;64;32;ChromaQPAdj;0
BlockStat;2; 704; 448;64;32;QP;40
BlockStat;2; 704; 448;64;32;SplitSeries;65
BlockStat;2; 704; 448;64;32;SkipFlag;1
BlockStat;2; 704; 448;64;32;MMVDSkipFlag;0
BlockStat;2; 704; 448;64;32;PredMode;0
BlockStat;2; 704; 448;64;32;MergeIdx;0
BlockStat;2; 704; 448;64;32;MergeType;0
BlockStat;2; 704; 448;64;32;MMVDMergeFlag;0
BlockStat;2; 704; 448;64;32;AffineFlag;0
BlockStat;2; 704; 448;64;32;MVPIdxL0;255
BlockStat;2; 704; 448;64;32;RefIdxL0;0
BlockStat;2; 704; 448;64;32;MVDL0;   0;   0
BlockStat;2; 704; 448;64;32;MVL0;   0;   0
BlockStat;2; 768; 384;64;64;Depth;1
BlockStat;2; 768; 384;64;64;QT_Depth;1
BlockStat;2; 768; 384;64;64;BT_Depth;0
BlockStat;2; 768; 384;64;64;MT_Depth;0
BlockStat;2; 768; 384;64;64;ChromaQPAdj;0
BlockStat;2; 768; 384;64;64;QP;40
BlockStat;2; 768; 384;64;64;SplitSeries;1
BlockStat;2; 768; 384;64;64;SkipFlag;1
BlockStat;2; 768; 384;64;64;MMVDSkipFlag;0
BlockStat;2; 768; 384;64;64;PredMode;0
BlockStat;2; 768; 384;64;64;MergeIdx;0
BlockStat;2; 768; 384;64;64;MergeType;0
BlockStat;2; 768; 384;64;64;MMVDMergeFlag;0
BlockStat;2; 768; 384;64;64;AffineFlag;0
BlockStat;2; 768; 384;64;64;MVPIdxL0;255
BlockStat;2; 768; 384;64;64;RefIdxL0;0
BlockStat;2; 768; 384;64;64;MVDL0;   0;   0
BlockStat;2; 768; 384;64;64;MVL0;   0;   0
BlockStat;2; 768; 448;64;32;Depth;2
BlockStat;2; 768; 448;64;32;QT_Depth;1
BlockStat;2; 768; 448;64;32;BT_Depth;1
BlockStat;2; 768; 448;64;32;MT_Depth;1
BlockStat;2; 768; 448;64;32;ChromaQPAdj;0
BlockStat;2; 768; 448;64;32;QP;40
BlockStat;2; 768; 448;64;32;SplitSeries;65
BlockStat;2; 768; 448;64;32;SkipFlag;1
BlockStat;2; 768; 448;64;32;MMVDSkipFlag;0
BlockStat;2; 768; 448;64;32;PredMode;0
BlockStat;2; 768; 448;64;32;MergeIdx;0
BlockStat;2; 768; 448;64;32;MergeType;0
BlockStat;2; 768; 448;64;32;MMVDMergeFlag;0
BlockStat;2; 768; 448;64;32;AffineFlag;0
BlockStat;2; 768; 448;64;32;MVPIdxL0;255
BlockStat;2; 768; 448;64;32;RefIdxL0;0
BlockStat;2; 768; 448;64;32;MVDL0;   0;   0
BlockStat;2; 768; 448;64;32;MVL0;   0;   0
# VTMBMS Block Statistics
# Sequence size: [832x 480]
# Block Statistic Type: PredMode; Integer; [0, 4]
# Block Statistic Type: Depth; Integer; [0, 7]
# Block Statistic Type: QT_Depth; Integer; [0, 7]
# Block Statistic Type: BT_Depth; Integer; [0, 7]
# Block Statistic Type: MT_Depth; Integer; [0, 7]
# Block Statistic Type: ChromaQPAdj; Integer; [-10, 10]
# Block Statistic Type: QP; Integer; [0, 51]
# Block Statistic Type: SplitSeries; Integer; [0, 18446744073709551615]
# Block Statistic Type: TransQuantBypassFlag; Flag; 
# Block Statistic Type: TransformSkipFlag_Y; Integer; 
# Block Statistic Type: BDPCM; Flag; 
# Block Statistic Type: TileIdx; Integer; 
# Block Statistic Type: IndependentSliceIdx; Integer; 
# Block Statistic Type: LFNSTIdx; Integer; [0, 3]
# Block Statistic Type: JointCbCr; Flag; 
# Block Statistic Type: CompAlphaCb; Integer; 
# Block Statistic Type: CompAlphaCr; Integer; 
# Block Statistic Type: RDPCM_Y; Integer; [0, 3]
# Block Statistic Type: RDPCM_Cb; Integer; [0, 3]
# Block Statistic Type: RDPCM_Cr; Integer; [0, 3]
# Block Statistic Type: Luma_IntraMode; Integer; [0, 70]
# Block Statistic Type: Chroma_IntraMode; Integer; [0, 70]
# Block Statistic Type: MultiRefIdx; Integer; [0, 1]
# Block Statistic Type: MIPFlag; Flag; 
# Block Statistic Type: ISPMode; Integer; [0, 3]
# Block Statistic Type: SkipFlag; Flag; 
# Block Statistic Type: RootCbf; Flag; 
# Block Statistic Type: SbtIdx; Integer; [0, 5]
# Block Statistic Type: SbtPos; Integer; [0, 2]
# Block Statistic Type: Cbf_Y; Flag; 
# Block Statistic Type: Cbf_Cb; Flag; 
# Block Statistic Type: Cbf_Cr; Flag; 
# Block Statistic Type: IMVMode; Integer; [0, 2]
# Block Statistic Type: InterDir; Integer; [1, 3]
# Block Statistic Type: MergeFlag; Flag; 
# Block Statistic Type: RegularMergeFlag; Flag; 
# Block Statistic Type: MergeIdx; Integer; [0, 7]
# Block Statistic Type: MergeType; Integer; [0, 2]
# Block Statistic Type: MVPIdxL0; Integer; [0, 1]
# Block Statistic Type: MVPIdxL1; Integer; [0, 1]
# Block Statistic Type: MVL0; Vector; Scale: 4
# Block Statistic Type: MVL1; Vector; Scale: 4
# Block Statistic Type: MVDL0; Vector; Scale: 4
# Block Statistic Type: MVDL1; Vector; Scale: 4
# Block Statistic Type: MotionBufL0; Vector; Scale: 16
# Block Statistic Type: MotionBufL1; Vector; Scale: 16
# Block Statistic Type: RefIdxL0; Integer; [0, 4]
# Block Statistic Type: RefIdxL1; Integer; [0, 4]
# Block Statistic Type: AffineFlag; Flag; 
# Block Statistic Type: AffineMVL0; AffineTFVectors; Scale: 4
# Block Statistic Type: AffineMVL1; AffineTFVectors; Scale: 4
# Block Statistic Type: AffineType; Flag; 
# Block Statistic Type: MMVDSkipFlag; Flag; 
# Block Statistic Type: MMVDMergeFlag; Flag; 
# Block Statistic Type: MMVDMergeIdx; Integer; [0, 1]
# Block Statistic Type: MHIntraFlag; Flag; 
# Block Statistic Type: SMVDFlag; Flag; 
# Block Statistic Type: TrianglePartitioning; Line; 
# Block Statistic Type: TriangleMVL0; VectorPolygon; Scale: 4
# Block Statistic Type: TriangleMVL1; VectorPolygon; Scale: 4
# Block Statistic Type: GBIIndex; Integer; [0, 4]
# Block Statistic Type: Depth_Chroma; Integer; [0, 10]
# Block Statistic Type: QT_Depth_Chroma; Integer; [0, 10]
# Block Statistic Type: BT_Depth_Chroma; Integer; [0, 10]
# Block Statistic Type: MT_Depth_Chroma; Integer; [0, 10]
# Block Statistic Type: ChromaQPAdj_Chroma; Integer; [-10, 10]
# Block Statistic Type: QP_Chroma; Integer; [0, 51]
# Block Statistic Type: SplitSeries_Chroma; Integer; [0, 18446744073709551615]
# Block Statistic Type: TransQuantBypassFlag_Chroma; Flag; 
